date,store_id,store_region,product_category,product_name,units_sold,unit_price,total_revenue,discount_pct,calculated_revenue,revenue_difference
2024-06-20,S006,South,Books,Self-Help,113.0,164.84,15460.34,0.17,18595.25,-3134.91
2023-12-05,S004,South,Electronics,Smartwatch,22.0,1482.34,24458.61,0.25,32529.95,-8071.34
2024-11-09,S020,Central,Books,Textbook,85.0,754.37,44885.01,0.3,63929.09,-19044.08
2023-06-28,S002,North,Sports,Running Shoes,174.0,472.5,57550.5,0.3,81968.36,-24417.85
2023-07-24,S002,North,Groceries,Sugar,142.0,1221.18,109246.76,0.37,172765.95,-63519.19
2024-11-30,S002,North,Toys,LEGO Set,13.0,728.63,9282.75,0.02,9470.3,-187.55
2023-07-22,S004,South,Sports,Bottle,35.0,754.89,20080.07,0.24,26357.74,-6277.67
2024-10-02,S014,North,Clothing,Jacket,3.0,1450.58,4090.64,0.06,4349.13,-258.49
2024-01-11,S019,North,Toys,Doll,107.0,661.37,58736.27,0.17,70646.29,-11910.02
2023-10-08,S001,North,Home & Garden,Plant Pot,170.0,1076.43,161033.93,0.12,182773.51,-21739.58
2024-08-17,S009,North,Books,Self-Help,180.0,1065.8,172659.6,0.1,191652.16,-18992.56
2023-01-24,S010,Central,Toys,Action Figure,160.0,1192.69,125948.06,0.34,190181.58,-64233.52
2024-11-05,S018,Central,Books,Self-Help,18.0,232.2,4096.01,0.02,4178.76,-82.75
2024-10-17,S003,East,Electronics,Tablet,191.0,1382.68,174300.64,0.34,263193.97,-88893.33
2024-02-27,S008,Central,Home & Garden,Plant Pot,17.0,269.73,2842.95,0.38,4567.99,-1725.04
2024-02-24,S012,North,Electronics,Smartphone,144.0,1256.67,133910.76,0.26,180489.98,-46579.22
2023-01-10,S003,East,Clothing,Jacket,195.0,1367.91,165380.32,0.38,265728.83,-100348.51
2024-08-29,S003,East,Books,Fiction Novel,78.0,1365.54,83079.45,0.22,106277.79,-23198.34
2024-02-02,S002,North,Groceries,Sugar,75.0,1234.88,92616.0,0.0,92616.0,-0.0
2024-05-22,S004,South,Clothing,Jeans,64.0,510.5,26464.32,0.19,32609.92,-6145.6
2023-07-09,S014,North,Beauty,Perfume,45.0,246.66,8102.78,0.27,11069.73,-2966.95
2023-06-30,S014,North,Sports,Bottle,168.0,1106.3,124525.13,0.33,185245.07,-60719.94
2023-03-30,S017,Central,Sports,Yoga Mat,78.0,26.88,1761.18,0.16,2093.29,-332.11
2023-09-10,S018,Central,Sports,Bottle,200.0,348.71,48121.98,0.31,69525.8,-21403.82
2024-10-13,S006,South,Toys,LEGO Set,34.0,688.5,21770.37,0.07,23392.61,-1622.24
2023-03-08,S017,Central,Beauty,Face Cream,173.0,1335.71,157132.92,0.32,230338.38,-73205.46
2023-12-24,S014,North,Toys,Puzzle,7.0,1036.93,6169.73,0.15,7247.62,-1077.89
2024-12-29,S003,East,Beauty,Sunscreen,113.0,1347.13,135480.86,0.11,152058.24,-16577.38
2024-09-08,S010,Central,Beauty,Lipstick,58.0,695.2,26209.04,0.35,40180.47,-13971.43
2024-07-02,S019,North,Clothing,Jeans,88.0,114.52,6953.65,0.31,10046.52,-3092.87
2024-01-26,S006,South,Electronics,Smartwatch,101.0,376.23,28879.41,0.24,37908.03,-9028.62
2023-01-19,S004,South,Groceries,Rice 5kg,56.0,549.54,19387.77,0.37,30660.38,-11272.61
2024-04-28,S006,South,Toys,Action Figure,88.0,1127.22,80348.24,0.19,99006.89,-18658.65
2024-02-05,S007,North,Home & Garden,Lamp,55.0,566.75,28677.55,0.08,31146.31,-2468.76
2024-12-23,S014,North,Books,Cookbook,84.0,350.37,18835.89,0.36,29325.13,-10489.24
2023-08-30,S005,South,Groceries,Sugar,115.0,1495.01,140979.44,0.18,171616.68,-30637.24
2024-08-02,S003,East,Clothing,Sneakers,176.0,406.93,70187.29,0.02,71605.36,-1418.07
2024-12-29,S010,Central,Home & Garden,Plant Pot,164.0,901.66,141957.35,0.04,147813.09,-5855.74
2023-05-26,S014,North,Clothing,Sneakers,71.0,1277.27,78896.97,0.13,90568.28,-11671.31
2024-02-21,S011,West,Clothing,Jacket,1.0,1357.55,1167.49,0.14,1355.65,-188.16
2024-05-16,S010,Central,Sports,Running Shoes,28.0,521.58,12413.6,0.15,14582.33,-2168.73
2023-05-22,S011,West,Toys,Action Figure,6.0,1113.84,5680.58,0.15,6673.02,-992.44
2024-02-02,S015,South,Electronics,Smartphone,160.0,1301.47,131188.18,0.37,207464.73,-76276.55
2023-10-30,S005,South,Groceries,Coffee,56.0,88.47,4805.69,0.03,4952.83,-147.14
2024-02-08,S003,East,Electronics,Tablet,170.0,1446.51,223775.1,0.09,245685.38,-21910.28
2024-01-30,S009,North,Sports,Running Shoes,1.0,357.97,261.32,0.27,357.0,-95.68
2023-07-15,S005,South,Clothing,Dress,6.0,316.94,1521.31,0.2,1897.84,-376.53
2024-09-09,S004,South,Books,Cookbook,179.0,1140.29,193906.31,0.05,204009.85,-10103.54
2023-07-10,S013,North,Books,Fiction Novel,26.0,649.05,15525.28,0.08,16861.8,-1336.52
2023-12-10,S007,North,Toys,LEGO Set,66.0,675.71,31217.8,0.3,44463.07,-13245.27
2023-07-14,S008,Central,Groceries,Rice 5kg,177.0,532.58,76355.99,0.19,94087.55,-17731.56
2023-08-10,S004,South,Electronics,Smartwatch,14.0,1098.87,12307.34,0.2,15353.41,-3046.07
2023-03-27,S019,North,Groceries,Sugar,168.0,566.2,81804.58,0.14,94988.43,-13183.85
2024-04-01,S008,Central,Electronics,Smartphone,128.0,770.3,73948.8,0.25,98351.9,-24403.1
2024-03-19,S015,South,Groceries,Rice 5kg,12.0,162.35,1480.63,0.24,1943.52,-462.89
2024-11-13,S016,South,Clothing,Sneakers,146.0,580.29,74555.66,0.12,84620.67,-10065.01
2024-10-17,S017,Central,Toys,Action Figure,121.0,1331.6,127287.64,0.21,160785.24,-33497.6
2024-06-15,S011,West,Beauty,Perfume,13.0,370.07,2982.76,0.38,4792.63,-1809.87
2024-03-11,S013,North,Electronics,Smartwatch,21.0,884.55,14117.42,0.24,18530.97,-4413.55
2023-11-21,S001,North,Sports,Dumbbell,146.0,88.23,11722.24,0.09,12869.99,-1147.75
2024-09-25,S019,North,Toys,Board Game,184.0,96.94,14269.57,0.2,17801.29,-3531.72
2024-12-02,S014,North,Beauty,Face Cream,110.0,870.68,83324.08,0.13,95650.29,-12326.21
2023-09-01,S020,Central,Groceries,Cooking Oil,47.0,792.08,35366.37,0.05,37209.15,-1842.78
2023-03-29,S019,North,Electronics,Tablet,68.0,1494.69,85376.69,0.16,101476.3,-16099.61
2024-07-27,S016,South,Electronics,Smartphone,185.0,965.51,175046.96,0.02,178583.63,-3536.67
2023-10-20,S015,South,Groceries,Flour,76.0,921.64,68643.75,0.02,70030.63,-1386.88
2023-06-08,S003,East,Sports,Dumbbell,188.0,299.11,43299.16,0.23,56103.34,-12804.18
2024-10-21,S019,North,Home & Garden,Plant Pot,57.0,25.69,951.81,0.35,1459.2,-507.39
2023-08-28,S007,North,Toys,Action Figure,96.0,1100.36,98240.14,0.07,105560.62,-7320.48
2024-08-04,S004,South,Toys,Board Game,188.0,392.38,63440.0,0.14,73664.17,-10224.17
2023-09-11,S003,East,Sports,Yoga Mat,137.0,169.44,18106.36,0.22,23162.21,-5055.85
2024-05-01,S003,East,Clothing,Dress,13.0,1004.1,11617.44,0.11,13038.94,-1421.5
2023-10-14,S017,Central,Clothing,Jeans,71.0,357.14,17749.86,0.3,25280.87,-7531.01
2024-10-07,S009,North,Home & Garden,Plant Pot,58.0,992.46,48928.28,0.15,57476.34,-8548.06
2024-03-14,S011,West,Toys,Action Figure,98.0,580.98,34730.98,0.39,56713.99,-21983.01
2024-08-12,S001,North,Home & Garden,Lamp,163.0,42.67,5981.48,0.14,6945.47,-963.99
2024-10-27,S008,Central,Toys,Board Game,7.0,1482.4,6537.38,0.37,10338.41,-3801.03
2023-07-24,S015,South,Home & Garden,Plant Pot,32.0,73.33,1924.18,0.18,2342.34,-418.16
2023-06-30,S018,Central,Beauty,Shampoo,6.0,554.16,2427.22,0.27,3315.98,-888.76
2024-06-20,S019,North,Toys,LEGO Set,9.0,1008.69,8896.65,0.02,9076.39,-179.74
2023-08-09,S002,North,Beauty,Face Cream,186.0,439.71,53160.94,0.35,81499.81,-28338.87
2023-02-13,S013,North,Clothing,Dress,59.0,311.17,11566.19,0.37,18291.1,-6724.91
2023-11-15,S003,East,Sports,Helmet,14.0,978.84,9866.71,0.28,13665.39,-3798.68
2024-08-11,S015,South,Clothing,Jeans,159.0,456.37,57324.64,0.21,72410.45,-15085.81
2024-07-09,S004,South,Electronics,Headphones,136.0,20.75,2822.0,0.0,2822.0,0.0
2024-06-27,S011,West,Groceries,Flour,52.0,697.96,35568.04,0.02,36286.66,-718.62
2024-10-17,S007,North,Home & Garden,Cushion,92.0,1077.05,62425.82,0.37,98721.97,-36296.15
2023-03-11,S002,North,Groceries,Sugar,66.0,325.47,16540.39,0.23,21431.61,-4891.22
2023-01-25,S018,Central,Toys,Board Game,99.0,451.61,31296.57,0.3,44575.26,-13278.69
2023-03-09,S017,Central,Clothing,Sneakers,101.0,974.26,90528.24,0.08,98321.54,-7793.3
2023-12-31,S011,West,Electronics,Tablet,196.0,222.59,35774.66,0.18,43549.11,-7774.45
2023-10-14,S014,North,Groceries,Flour,169.0,1146.29,154978.41,0.2,193335.56,-38357.15
2024-03-20,S004,South,Electronics,Smartphone,110.0,503.44,52055.7,0.06,55345.17,-3289.47
2024-07-26,S019,North,Clothing,Dress,14.0,753.7,8441.44,0.2,10530.7,-2089.26
2024-07-22,S004,South,Toys,Action Figure,43.0,1272.9,38861.64,0.29,54575.97,-15714.33
2023-09-21,S006,South,Toys,Puzzle,39.0,363.39,13888.77,0.02,14169.38,-280.61
2023-03-14,S003,East,Books,Fiction Novel,42.0,97.51,3972.56,0.03,4094.19,-121.63
2023-05-04,S008,Central,Toys,Doll,125.0,407.96,39776.1,0.22,50882.81,-11106.71
2024-07-05,S020,Central,Clothing,Jeans,77.0,795.58,56358.89,0.08,61210.65,-4851.76
2023-12-12,S012,North,Electronics,Laptop,53.0,1226.17,59788.05,0.08,64935.02,-5146.97
2023-08-22,S013,North,Books,Comic,20.0,599.8,9716.76,0.19,11973.21,-2256.45
2023-02-05,S012,North,Sports,Yoga Mat,86.0,1489.0,121651.3,0.05,127989.97,-6338.67
2024-04-06,S011,West,Home & Garden,Plant Pot,191.0,60.84,8599.13,0.26,11590.23,-2991.1
2024-02-24,S009,North,Clothing,Jacket,80.0,140.3,9091.44,0.19,11202.67,-2111.23
2024-03-20,S008,Central,Sports,Helmet,6.0,1443.33,6581.58,0.24,8639.2,-2057.62
2023-02-09,S007,North,Electronics,Smartphone,46.0,1335.78,43626.57,0.29,61267.69,-17641.12
2023-07-22,S020,Central,Beauty,Sunscreen,197.0,579.91,102818.04,0.1,114128.03,-11309.99
2023-01-25,S020,Central,Clothing,T-Shirt,153.0,986.63,101139.44,0.33,150456.24,-49316.8
2023-01-31,S006,South,Beauty,Perfume,115.0,398.94,32573.45,0.29,45745.05,-13171.6
2024-02-16,S011,West,Electronics,Tablet,55.0,690.87,36857.91,0.03,37986.45,-1128.54
2023-08-11,S001,North,Electronics,Headphones,2.0,75.92,121.47,0.2,151.54,-30.07
2023-04-22,S013,North,Home & Garden,Curtains,166.0,528.96,66733.59,0.24,87596.62,-20863.03
2023-06-25,S004,South,Clothing,Dress,50.0,404.93,20044.03,0.01,20244.48,-200.45
2024-11-04,S006,South,Home & Garden,Rug,62.0,1276.8,74411.9,0.06,79114.1,-4702.2
2024-09-03,S006,South,Books,Textbook,48.0,149.07,5008.75,0.3,7133.89,-2125.14
2023-12-06,S014,North,Beauty,Perfume,21.0,355.23,6937.64,0.07,7454.61,-516.97
2023-07-15,S015,South,Toys,Puzzle,100.0,1037.8,103780.0,0.0,103780.0,0.0
2024-07-23,S004,South,Groceries,Coffee,73.0,956.21,60030.86,0.14,69705.61,-9674.75
2024-11-02,S009,North,Electronics,Laptop,41.0,563.84,18493.95,0.2,23071.21,-4577.26
2024-06-16,S016,South,Books,Comic,189.0,252.04,38584.8,0.19,47545.05,-8960.25
2023-03-03,S010,Central,Toys,LEGO Set,147.0,1203.96,162823.55,0.08,176840.53,-14016.98
2023-12-03,S001,North,Electronics,Smartwatch,71.0,246.56,12779.2,0.27,17458.49,-4679.29
2024-02-13,S001,North,Clothing,Sneakers,155.0,132.97,15457.76,0.25,20558.82,-5101.06
2024-11-12,S008,Central,Books,Comic,141.0,177.11,23973.61,0.04,24962.52,-988.91
2024-10-16,S019,North,Electronics,Tablet,8.0,27.45,136.15,0.38,218.77,-82.62
2024-05-06,S013,North,Sports,Helmet,143.0,1225.81,148997.21,0.15,175027.89,-26030.68
2023-01-15,S014,North,Beauty,Face Cream,158.0,917.6,142081.18,0.02,144951.8,-2870.62
2023-08-28,S006,South,Home & Garden,Curtains,40.0,370.81,10234.36,0.31,14786.42,-4552.06
2024-11-15,S001,North,Home & Garden,Plant Pot,112.0,854.58,59342.04,0.38,95349.25,-36007.21
2023-04-01,S018,Central,Clothing,Jeans,146.0,972.33,110728.94,0.22,141647.87,-30918.93
2023-05-01,S006,South,Books,Comic,40.0,1336.39,42229.92,0.21,53343.34,-11113.42
2023-01-31,S018,Central,Books,Textbook,171.0,704.58,83133.39,0.31,120109.68,-36976.29
2023-04-09,S012,North,Electronics,Laptop,98.0,382.31,33719.74,0.1,37428.91,-3709.17
2024-11-07,S005,South,Groceries,Flour,163.0,906.91,103478.43,0.3,147382.85,-43904.42
2024-12-17,S011,West,Electronics,Smartphone,151.0,664.83,66256.96,0.34,100048.01,-33791.05
2023-11-12,S009,North,Groceries,Flour,63.0,1047.41,52129.6,0.21,65848.26,-13718.66
2023-03-13,S002,North,Clothing,Dress,194.0,1241.28,204687.07,0.15,240447.11,-35760.04
2023-02-15,S012,North,Clothing,Dress,125.0,1416.68,143438.85,0.19,176748.54,-33309.69
2024-04-04,S008,Central,Home & Garden,Rug,170.0,61.83,10300.88,0.02,10509.0,-208.12
2023-05-03,S008,Central,Groceries,Rice 5kg,60.0,1497.23,62883.66,0.3,89564.3,-26680.64
2024-02-29,S006,South,Books,Fiction Novel,90.0,749.31,57322.21,0.15,67336.74,-10014.53
2024-05-18,S015,South,Sports,Yoga Mat,163.0,746.86,109564.36,0.1,121616.44,-12052.08
2024-12-02,S001,North,Books,Cookbook,168.0,622.91,79533.15,0.24,104397.72,-24864.57
2023-11-24,S001,North,Beauty,Lipstick,85.0,862.67,68194.06,0.07,73275.62,-5081.56
2024-04-21,S011,West,Sports,Running Shoes,15.0,558.35,8207.74,0.02,8373.57,-165.83
2023-07-10,S001,North,Sports,Bottle,115.0,846.41,69109.38,0.29,97054.87,-27945.49
2024-03-17,S002,North,Beauty,Perfume,100.0,1482.89,123079.87,0.17,148036.91,-24957.04
2024-06-14,S018,Central,Beauty,Perfume,109.0,1446.64,94610.26,0.4,157053.02,-62442.76
2024-04-14,S007,North,Clothing,Jacket,168.0,866.42,123724.78,0.15,145340.22,-21615.44
2024-09-13,S005,South,Books,Self-Help,162.0,1470.76,169166.82,0.29,237572.16,-68405.34
2023-01-05,S017,Central,Clothing,Jeans,99.0,226.03,20363.04,0.09,22356.83,-1993.79
2024-10-06,S011,West,Beauty,Sunscreen,167.0,1290.05,202512.05,0.06,215309.09,-12797.04
2024-11-28,S008,Central,Clothing,Dress,154.0,1452.24,212462.71,0.05,223533.14,-11070.43
2024-04-04,S005,South,Beauty,Shampoo,70.0,88.38,4763.68,0.23,6172.37,-1408.69
2024-04-20,S020,Central,Toys,LEGO Set,83.0,125.87,6790.69,0.35,10410.64,-3619.95
2024-06-08,S013,North,Electronics,Laptop,178.0,1075.94,155129.03,0.19,191153.44,-36024.41
2023-04-17,S010,Central,Electronics,Headphones,16.0,839.74,13301.48,0.01,13434.5,-133.02
2023-03-17,S010,Central,Electronics,Laptop,176.0,430.95,64470.12,0.15,75733.43,-11263.31
2023-08-29,S008,Central,Home & Garden,Cushion,120.0,1159.63,100192.03,0.28,138765.96,-38573.93
2024-03-25,S003,East,Electronics,Headphones,76.0,930.26,43126.85,0.39,70424.03,-27297.18
2024-12-11,S017,Central,Books,Comic,156.0,999.86,93586.9,0.4,155354.25,-61767.35
2024-08-08,S018,Central,Beauty,Lipstick,6.0,529.36,2826.78,0.11,3172.67,-345.89
2023-11-04,S006,South,Books,Fiction Novel,146.0,884.1,120043.1,0.07,128988.24,-8945.14
2024-02-09,S003,East,Sports,Bottle,43.0,372.3,14568.1,0.09,15994.49,-1426.39
2024-01-02,S016,South,Sports,Dumbbell,48.0,158.02,4930.22,0.35,7558.41,-2628.19
2024-03-01,S007,North,Clothing,Jeans,182.0,400.78,55435.89,0.24,72766.9,-17331.01
2023-06-26,S018,Central,Electronics,Smartwatch,89.0,1169.7,69749.21,0.33,103759.76,-34010.55
2024-02-15,S001,North,Clothing,Jeans,132.0,474.12,43808.69,0.3,62396.09,-18587.4
2023-03-18,S006,South,Books,Cookbook,122.0,793.29,91942.31,0.05,96732.99,-4790.68
2024-04-26,S018,Central,Beauty,Face Cream,38.0,1380.52,41443.21,0.21,52349.59,-10906.38
2023-02-21,S005,South,Home & Garden,Cushion,35.0,1149.25,32983.48,0.18,40151.35,-7167.87
2024-05-07,S002,North,Clothing,Sneakers,184.0,1355.83,194588.72,0.22,248923.88,-54335.16
2024-12-25,S014,North,Beauty,Lipstick,122.0,231.58,18646.82,0.34,28156.7,-9509.88
2024-04-27,S016,South,Clothing,Sneakers,23.0,91.19,1740.82,0.17,2093.8,-352.98
2023-02-02,S011,West,Toys,Action Figure,17.0,320.42,3377.23,0.38,5426.44,-2049.21
2024-09-01,S011,West,Sports,Running Shoes,164.0,755.68,110299.05,0.11,123795.2,-13496.15
2024-07-23,S009,North,Groceries,Coffee,122.0,1282.49,154899.14,0.01,156448.13,-1548.99
2023-10-15,S003,East,Home & Garden,Lamp,4.0,177.77,654.19,0.08,710.51,-56.32
2023-01-14,S017,Central,Clothing,Jeans,137.0,955.52,113888.43,0.13,130736.06,-16847.63
2023-07-18,S007,North,Sports,Helmet,37.0,263.34,6333.33,0.35,9709.48,-3376.15
2023-05-24,S014,North,Clothing,Jacket,147.0,1287.66,128714.49,0.32,188680.3,-59965.81
2024-01-02,S020,Central,Sports,Yoga Mat,1.0,413.01,404.75,0.02,412.93,-8.18
2024-09-05,S002,North,Electronics,Smartphone,78.0,1418.26,76330.75,0.31,110281.34,-33950.59
2024-07-07,S008,Central,Clothing,Sneakers,41.0,1100.01,41492.38,0.08,45064.33,-3571.95
2023-11-21,S003,East,Beauty,Sunscreen,140.0,303.58,34000.96,0.2,42416.2,-8415.24
2024-07-17,S002,North,Beauty,Face Cream,81.0,382.34,29421.06,0.05,30954.06,-1533.0
2023-08-02,S008,Central,Beauty,Lipstick,146.0,1124.73,134652.68,0.18,163915.0,-29262.32
2024-04-11,S012,North,Groceries,Rice 5kg,93.0,862.54,50536.22,0.37,79919.42,-29383.2
2023-01-24,S012,North,Groceries,Flour,9.0,282.67,2060.66,0.19,2539.2,-478.54
2023-06-26,S017,Central,Sports,Running Shoes,80.0,1300.02,76961.18,0.26,103731.2,-26770.02
2024-07-15,S002,North,Groceries,Flour,1.0,257.04,192.78,0.25,256.4,-63.62
2024-12-05,S008,Central,Beauty,Face Cream,47.0,636.39,24526.47,0.18,29856.49,-5330.02
2023-02-28,S013,North,Sports,Helmet,103.0,709.42,70147.45,0.04,73041.03,-2893.58
2024-06-30,S020,Central,Home & Garden,Lamp,145.0,237.77,31718.52,0.08,34449.07,-2730.55
2024-05-27,S003,East,Books,Cookbook,120.0,806.86,96823.2,0.0,96823.2,0.0
2024-08-21,S011,West,Sports,Yoga Mat,116.0,1273.28,97482.32,0.34,147198.3,-49715.98
2024-01-15,S017,Central,Clothing,Jeans,38.0,408.51,9779.73,0.37,15465.94,-5686.21
2024-08-30,S001,North,Electronics,Headphones,54.0,602.16,20485.48,0.37,32396.33,-11910.85
2023-05-26,S012,North,Sports,Dumbbell,176.0,609.84,100891.93,0.06,107267.44,-6375.51
2024-09-01,S018,Central,Beauty,Perfume,198.0,1320.65,196116.53,0.25,260834.98,-64718.45
2024-08-03,S006,South,Groceries,Flour,180.0,66.5,7780.5,0.35,11928.11,-4147.61
2024-08-04,S014,North,Home & Garden,Plant Pot,178.0,1189.78,137657.55,0.35,211039.61,-73382.06
2024-12-08,S017,Central,Home & Garden,Lamp,65.0,310.21,12501.46,0.38,20087.03,-7585.57
2023-03-15,S012,North,Groceries,Rice 5kg,106.0,1418.04,106721.69,0.29,149876.33,-43154.64
2024-01-06,S020,Central,Beauty,Sunscreen,91.0,777.09,65765.13,0.07,70665.69,-4900.56
2024-04-11,S003,East,Beauty,Sunscreen,182.0,787.77,123301.76,0.14,143173.42,-19871.66
2023-11-15,S019,North,Groceries,Cooking Oil,109.0,673.58,45520.54,0.38,73141.22,-27620.68
2024-08-24,S019,North,Electronics,Headphones,33.0,900.62,18129.48,0.39,29604.55,-11475.07
2024-07-05,S008,Central,Sports,Bottle,112.0,1173.03,99848.31,0.24,131064.05,-31215.74
2024-06-02,S010,Central,Electronics,Smartwatch,29.0,34.4,688.34,0.31,994.51,-306.17
2024-01-18,S019,North,Clothing,Jacket,40.0,48.17,1579.98,0.18,1923.33,-343.35
2024-03-02,S005,South,Home & Garden,Cushion,157.0,370.97,41934.45,0.28,58079.21,-16144.76
2024-01-31,S005,South,Books,Self-Help,143.0,708.07,97203.85,0.04,101213.51,-4009.66
2023-09-28,S013,North,Toys,LEGO Set,86.0,1184.99,100890.05,0.01,101898.95,-1008.9
2024-12-24,S013,North,Sports,Helmet,105.0,1259.88,120381.53,0.09,132168.34,-11786.81
2024-01-30,S010,Central,Sports,Helmet,86.0,909.57,73529.64,0.06,78176.09,-4646.45
2024-11-19,S007,North,Groceries,Cooking Oil,50.0,456.8,15759.6,0.31,22769.2,-7009.6
2023-02-06,S012,North,Sports,Helmet,134.0,1171.3,97311.6,0.38,156357.77,-59046.17
2023-07-09,S003,East,Clothing,Dress,61.0,1385.09,62522.96,0.26,84270.81,-21747.85
2023-06-25,S016,South,Groceries,Coffee,67.0,1190.96,51068.36,0.36,79507.06,-28438.7
2024-10-05,S020,Central,Groceries,Cooking Oil,22.0,720.41,11411.29,0.28,15804.64,-4393.35
2024-09-05,S006,South,Electronics,Tablet,169.0,1357.82,176693.12,0.23,228943.8,-52250.68
2023-01-29,S017,Central,Sports,Helmet,15.0,1348.29,15572.75,0.23,20177.83,-4605.08
2024-10-22,S016,South,Books,Textbook,15.0,997.73,14217.65,0.05,14958.47,-740.82
2023-05-19,S019,North,Beauty,Shampoo,198.0,495.32,97092.63,0.01,98063.55,-970.92
2023-02-02,S015,South,Electronics,Headphones,11.0,101.14,867.78,0.22,1110.09,-242.31
2024-08-01,S006,South,Beauty,Face Cream,73.0,346.26,20221.58,0.2,25226.43,-5004.85
2023-03-26,S020,Central,Groceries,Cooking Oil,40.0,1068.4,26923.68,0.37,42577.88,-15654.2
2023-10-09,S002,North,Groceries,Flour,54.0,1386.97,74147.42,0.01,74888.89,-741.47
2024-12-30,S014,North,Beauty,Face Cream,27.0,44.11,869.41,0.27,1187.75,-318.34
2023-09-19,S012,North,Toys,Doll,32.0,787.67,22180.79,0.12,25175.19,-2994.4
2024-06-18,S018,Central,Home & Garden,Plant Pot,166.0,360.38,48456.69,0.19,59709.42,-11252.73
2023-01-18,S008,Central,Home & Garden,Rug,50.0,25.15,1182.05,0.06,1256.75,-74.7
2024-05-15,S016,South,Beauty,Perfume,14.0,316.29,3808.13,0.14,4421.86,-613.73
2024-02-21,S020,Central,Home & Garden,Rug,106.0,1124.54,97745.02,0.18,118986.68,-21241.66
2024-08-18,S012,North,Groceries,Flour,194.0,773.61,96051.42,0.36,149540.05,-53488.63
2024-07-11,S003,East,Clothing,Jacket,116.0,394.56,32495.96,0.29,45636.23,-13140.27
2023-06-29,S012,North,Toys,Action Figure,198.0,764.54,118075.56,0.22,151045.89,-32970.33
2024-02-25,S005,South,Toys,Action Figure,48.0,1478.62,68134.81,0.04,70945.37,-2810.56
2024-02-16,S009,North,Books,Comic,200.0,1402.9,218852.4,0.22,279962.72,-61110.32
2023-04-16,S001,North,Toys,Board Game,178.0,1123.58,121998.32,0.39,199217.25,-77218.93
2024-02-02,S020,Central,Books,Cookbook,74.0,133.04,6989.92,0.29,9816.41,-2826.49
2024-05-06,S003,East,Toys,Doll,81.0,891.16,65687.4,0.09,72118.99,-6431.59
2024-01-02,S013,North,Home & Garden,Curtains,68.0,1412.71,75890.78,0.21,95862.55,-19971.77
2023-04-01,S008,Central,Beauty,Face Cream,176.0,952.36,113978.44,0.32,167078.99,-53100.55
2023-05-09,S002,North,Home & Garden,Lamp,11.0,456.15,3863.59,0.23,5006.11,-1142.52
2023-04-21,S006,South,Toys,Action Figure,7.0,88.55,384.31,0.38,617.49,-233.18
2024-11-14,S004,South,Electronics,Smartphone,97.0,899.64,54104.35,0.38,86933.47,-32829.12
2024-03-19,S011,West,Books,Textbook,10.0,1140.58,7413.77,0.35,11365.88,-3952.11
2024-05-27,S013,North,Groceries,Cooking Oil,57.0,204.74,8402.53,0.28,11637.5,-3234.97
2023-10-11,S008,Central,Books,Fiction Novel,127.0,220.92,24690.02,0.12,28023.17,-3333.15
2023-08-25,S005,South,Home & Garden,Lamp,7.0,915.78,5000.16,0.22,6396.36,-1396.2
2023-02-03,S013,North,Home & Garden,Cushion,65.0,703.46,35208.17,0.23,45619.73,-10411.56
2024-05-29,S019,North,Home & Garden,Cushion,137.0,603.2,59499.65,0.28,82407.01,-22907.36
2023-05-05,S008,Central,Electronics,Laptop,114.0,772.29,68672.03,0.22,87847.37,-19175.34
2023-06-13,S009,North,Home & Garden,Curtains,77.0,311.29,16538.84,0.31,23895.03,-7356.19
2024-03-04,S010,Central,Toys,Board Game,118.0,247.09,25074.69,0.14,29115.8,-4041.11
2023-06-23,S003,East,Home & Garden,Lamp,149.0,930.83,104020.25,0.25,138346.94,-34326.69
2024-05-02,S012,North,Books,Self-Help,86.0,1253.22,98077.0,0.09,107679.92,-9602.92
2023-06-28,S004,South,Books,Self-Help,76.0,769.48,55556.46,0.05,58451.24,-2894.78
2024-01-04,S009,North,Sports,Helmet,14.0,1239.65,15966.69,0.08,17341.22,-1374.53
2024-07-18,S010,Central,Toys,Doll,152.0,1269.32,189077.91,0.02,192898.05,-3820.14
2023-01-14,S018,Central,Electronics,Headphones,149.0,817.91,88964.07,0.27,121539.54,-32575.47
2023-10-13,S019,North,Home & Garden,Cushion,78.0,620.35,31935.62,0.34,48222.78,-16287.16
2023-01-16,S001,North,Groceries,Cooking Oil,55.0,479.9,24810.83,0.06,26378.66,-1567.83
2023-10-06,S004,South,Groceries,Rice 5kg,75.0,661.36,41665.68,0.16,49522.64,-7856.96
2024-10-06,S019,North,Sports,Bottle,41.0,584.52,17015.38,0.29,23895.82,-6880.44
2023-10-24,S001,North,Home & Garden,Rug,58.0,1406.83,64460.95,0.21,81424.79,-16963.84
2023-05-01,S017,Central,Electronics,Headphones,93.0,492.32,28845.03,0.37,45616.35,-16771.32
2024-03-02,S012,North,Toys,Board Game,76.0,85.37,5060.73,0.22,6473.85,-1413.12
2024-11-24,S003,East,Clothing,T-Shirt,42.0,1292.82,51040.53,0.06,54265.86,-3225.33
2024-10-08,S011,West,Clothing,Sneakers,32.0,88.97,2676.22,0.06,2845.33,-169.11
2023-03-30,S004,South,Beauty,Perfume,54.0,1188.63,53274.4,0.17,64076.9,-10802.5
2023-05-03,S003,East,Groceries,Sugar,181.0,1046.83,185686.71,0.02,189438.33,-3751.62
2024-03-09,S016,South,Electronics,Smartphone,52.0,1027.43,45946.67,0.14,53351.56,-7404.89
2023-07-21,S013,North,Books,Textbook,94.0,1321.22,115501.05,0.07,124107.74,-8606.69
2024-10-21,S012,North,Electronics,Headphones,107.0,1363.77,105064.84,0.28,145514.8,-40449.96
2024-09-26,S019,North,Groceries,Rice 5kg,112.0,454.66,49903.48,0.02,50911.74,-1008.26
2024-07-03,S012,North,Clothing,Jacket,95.0,1348.06,121662.41,0.05,128001.67,-6339.26
2023-12-08,S004,South,Groceries,Rice 5kg,108.0,1150.04,86943.02,0.3,123831.71,-36888.69
2023-03-04,S020,Central,Beauty,Shampoo,134.0,503.62,48589.26,0.28,67296.12,-18706.86
2024-11-01,S009,North,Groceries,Cooking Oil,161.0,865.78,90603.88,0.35,138902.71,-48298.83
2023-05-24,S004,South,Groceries,Cooking Oil,10.0,1211.33,11144.24,0.08,12103.61,-959.37
2024-10-31,S019,North,Clothing,Dress,28.0,344.51,6559.47,0.32,9615.41,-3055.94
2024-11-21,S002,North,Sports,Dumbbell,21.0,1185.18,20657.69,0.17,24846.47,-4188.78
2024-10-01,S001,North,Electronics,Headphones,98.0,303.47,24089.45,0.19,29683.55,-5594.1
2024-06-30,S001,North,Clothing,Jeans,172.0,946.12,148086.7,0.09,162586.18,-14499.48
2023-05-14,S012,North,Toys,Puzzle,136.0,449.75,50156.12,0.18,61055.9,-10899.78
2024-09-26,S017,Central,Books,Comic,155.0,1305.87,202409.85,0.0,202409.85,0.0
2024-02-02,S009,North,Toys,Action Figure,170.0,650.76,96247.4,0.13,110485.38,-14237.98
2023-04-14,S012,North,Clothing,Dress,122.0,1080.94,90993.53,0.31,131465.87,-40472.34
2023-11-11,S019,North,Sports,Yoga Mat,200.0,171.62,32607.8,0.05,34306.84,-1699.04
2024-11-25,S011,West,Toys,LEGO Set,189.0,17.0,2602.53,0.19,3206.9,-604.37
2024-07-08,S017,Central,Home & Garden,Curtains,51.0,1495.98,54932.39,0.28,76081.35,-21148.96
2023-11-28,S004,South,Clothing,Dress,27.0,236.16,4208.37,0.34,6354.64,-2146.27
2023-05-24,S001,North,Home & Garden,Plant Pot,140.0,1342.59,171045.97,0.09,187793.43,-16747.46
2024-04-24,S016,South,Books,Cookbook,12.0,104.47,1090.67,0.13,1252.01,-161.34
2024-12-19,S012,North,Books,Textbook,169.0,666.86,102556.4,0.09,112597.91,-10041.51
2024-08-12,S010,Central,Toys,Doll,9.0,853.73,5762.68,0.25,7664.36,-1901.68
2023-03-27,S012,North,Clothing,T-Shirt,153.0,1487.28,182043.07,0.2,227098.73,-45055.66
2024-01-04,S019,North,Home & Garden,Lamp,173.0,194.17,25193.56,0.25,33507.43,-8313.87
2024-07-13,S006,South,Beauty,Lipstick,171.0,849.59,124940.71,0.14,145076.5,-20135.79
2023-04-29,S003,East,Electronics,Smartphone,186.0,408.06,62237.31,0.18,75762.54,-13525.23
2024-04-24,S008,Central,Books,Fiction Novel,3.0,432.88,883.08,0.32,1294.48,-411.4
2023-10-16,S005,South,Beauty,Face Cream,130.0,638.27,53104.06,0.36,82676.39,-29572.33
2024-02-02,S009,North,Toys,Board Game,88.0,855.17,63966.72,0.15,75142.08,-11175.36
2023-04-10,S017,Central,Clothing,Jeans,119.0,553.97,63944.76,0.03,65902.65,-1957.89
2023-08-06,S018,Central,Groceries,Flour,56.0,1174.19,65754.64,0.0,65754.64,0.0
2023-02-23,S001,North,Toys,Action Figure,185.0,1020.0,120768.0,0.36,188020.68,-67252.68
2024-07-01,S012,North,Clothing,Dress,155.0,931.21,118356.79,0.18,144077.74,-25720.95
2023-12-11,S010,Central,Electronics,Tablet,150.0,393.91,50814.39,0.14,59003.78,-8189.39
2024-04-25,S006,South,Toys,Board Game,68.0,218.08,13049.91,0.12,14811.64,-1761.73
2023-08-04,S002,North,Clothing,Dress,83.0,940.05,71782.22,0.08,77961.73,-6179.51
2023-11-03,S011,West,Books,Comic,18.0,1138.87,13529.78,0.34,20429.96,-6900.18
2023-12-06,S003,East,Beauty,Perfume,36.0,146.19,3210.33,0.39,5242.31,-2031.98
2024-06-18,S005,South,Clothing,T-Shirt,131.0,563.63,61283.49,0.17,73710.01,-12426.52
2024-05-16,S017,Central,Sports,Yoga Mat,94.0,334.98,22356.57,0.29,31396.8,-9040.23
2024-10-08,S003,East,Clothing,T-Shirt,86.0,947.1,65974.99,0.19,81295.84,-15320.85
2024-06-22,S020,Central,Clothing,Sneakers,95.0,1156.49,92287.9,0.16,109690.76,-17402.86
2024-10-15,S016,South,Groceries,Cooking Oil,133.0,1107.74,141436.24,0.04,147270.49,-5834.25
2023-07-25,S010,Central,Clothing,T-Shirt,6.0,1145.57,6804.69,0.01,6872.73,-68.04
2024-08-28,S014,North,Groceries,Sugar,117.0,1266.62,114109.8,0.23,147853.69,-33743.89
2024-02-15,S010,Central,Books,Fiction Novel,174.0,221.41,35828.57,0.07,38498.37,-2669.8
2023-11-12,S011,West,Home & Garden,Plant Pot,130.0,1208.87,155581.57,0.01,157137.38,-1555.81
2023-02-12,S001,North,Beauty,Shampoo,37.0,751.04,25287.52,0.09,27763.47,-2475.95
2023-07-17,S008,Central,Electronics,Tablet,196.0,1453.38,179463.36,0.37,283808.49,-104345.13
2024-08-19,S001,North,Clothing,Jeans,9.0,1215.96,7003.93,0.36,10904.24,-3900.31
2023-03-26,S005,South,Electronics,Headphones,142.0,1186.22,141492.32,0.16,168173.73,-26681.41
2024-10-12,S010,Central,Home & Garden,Rug,165.0,1162.02,134213.31,0.3,191158.1,-56944.79
2023-12-06,S012,North,Clothing,Jeans,72.0,1261.91,78137.47,0.14,90730.32,-12592.85
2023-10-18,S008,Central,Clothing,Dress,159.0,504.65,54562.76,0.32,79982.58,-25419.82
2023-11-20,S020,Central,Electronics,Smartwatch,127.0,24.34,2318.38,0.25,3083.45,-765.07
2024-02-10,S009,North,Clothing,Jacket,92.0,689.17,43748.51,0.31,63207.09,-19458.58
2023-06-27,S015,South,Toys,Action Figure,175.0,1432.7,208099.67,0.17,250296.27,-42196.6
2024-07-01,S019,North,Toys,LEGO Set,19.0,207.75,3315.69,0.16,3940.93,-625.24
2024-08-02,S015,South,Sports,Running Shoes,4.0,1268.22,3043.73,0.4,5052.59,-2008.86
2024-09-11,S009,North,Toys,Puzzle,67.0,633.35,40737.07,0.04,42417.48,-1680.41
2024-03-10,S004,South,Groceries,Coffee,184.0,1000.15,172985.94,0.06,183917.18,-10931.24
2024-11-12,S014,North,Sports,Bottle,128.0,1146.65,145303.49,0.01,146756.52,-1453.03
2024-02-02,S013,North,Electronics,Laptop,149.0,811.78,85878.21,0.29,120604.45,-34726.24
2023-09-12,S007,North,Toys,Action Figure,44.0,1262.84,36672.87,0.34,55376.04,-18703.17
2024-02-07,S007,North,Electronics,Smartwatch,2.0,78.79,156.0,0.01,157.56,-1.56
2023-02-28,S005,South,Electronics,Smartphone,37.0,1122.88,25343.4,0.39,41384.53,-16041.13
2023-06-04,S005,South,Clothing,Sneakers,142.0,198.67,23697.36,0.16,28166.0,-4468.64
2023-12-17,S013,North,Electronics,Laptop,165.0,1338.0,185446.8,0.16,220416.77,-34969.97
2024-08-04,S003,East,Clothing,Jacket,31.0,612.26,18980.06,0.0,18980.06,0.0
2023-11-03,S005,South,Sports,Yoga Mat,75.0,1327.24,81625.26,0.18,99363.82,-17738.56
2024-03-05,S011,West,Electronics,Smartwatch,50.0,42.16,1433.44,0.32,2101.25,-667.81
2023-04-03,S019,North,Beauty,Face Cream,130.0,1008.53,115375.83,0.12,130951.57,-15575.74
2024-04-07,S015,South,Electronics,Smartphone,160.0,879.48,105537.6,0.25,140365.01,-34827.41
2024-10-14,S007,North,Electronics,Smartphone,177.0,426.03,51276.97,0.32,75166.01,-23889.04
2023-07-23,S004,South,Beauty,Face Cream,65.0,1067.5,62448.75,0.1,69318.11,-6869.36
2024-10-17,S020,Central,Toys,Puzzle,189.0,1131.17,190274.11,0.11,213555.96,-23281.85
2024-07-31,S009,North,Clothing,Dress,14.0,421.01,4538.49,0.23,5880.58,-1342.09
2023-07-22,S004,South,Beauty,Shampoo,129.0,1069.05,91018.92,0.34,137438.56,-46419.64
2023-04-15,S013,North,Books,Cookbook,181.0,11.87,1675.81,0.22,2143.74,-467.93
2024-11-24,S012,North,Groceries,Flour,32.0,477.28,12371.1,0.19,15243.94,-2872.84
2023-11-26,S002,North,Electronics,Smartwatch,125.0,981.17,115287.47,0.06,122572.66,-7285.19
2023-12-27,S011,West,Groceries,Coffee,86.0,948.1,75013.67,0.08,81471.37,-6457.7
2023-07-10,S002,North,Sports,Yoga Mat,12.0,936.75,8318.34,0.26,11211.77,-2893.43
2023-10-17,S006,South,Beauty,Perfume,137.0,826.02,81478.61,0.28,112847.88,-31369.27
2024-08-05,S016,South,Home & Garden,Cushion,31.0,701.28,21739.68,0.0,21739.68,0.0
2024-02-28,S009,North,Clothing,Jacket,188.0,703.12,95174.32,0.28,131816.44,-36642.12
2024-06-20,S003,East,Electronics,Laptop,126.0,1008.73,82614.99,0.35,126655.13,-44040.14
2023-10-12,S009,North,Electronics,Headphones,83.0,1024.6,68033.44,0.2,84871.72,-16838.28
2024-08-09,S001,North,Beauty,Face Cream,35.0,129.92,2910.21,0.36,4530.83,-1620.62
2023-06-25,S011,West,Home & Garden,Curtains,10.0,32.85,292.37,0.11,328.14,-35.77
2024-11-17,S015,South,Toys,Doll,200.0,1265.46,245499.24,0.03,253016.07,-7516.83
2023-01-18,S013,North,Sports,Running Shoes,165.0,1228.45,139859.03,0.31,202065.9,-62206.87
2024-01-30,S004,South,Electronics,Tablet,194.0,945.58,155926.14,0.15,183167.36,-27241.22
2023-05-19,S009,North,Electronics,Smartphone,93.0,341.64,30183.89,0.05,31756.63,-1572.74
2024-09-30,S008,Central,Sports,Dumbbell,63.0,228.39,10215.88,0.29,14346.84,-4130.96
2024-05-23,S014,North,Home & Garden,Curtains,83.0,659.02,43211.94,0.21,54583.79,-11371.85
2024-07-07,S001,North,Home & Garden,Lamp,89.0,105.54,8641.62,0.08,9385.55,-743.93
2024-06-18,S017,Central,Toys,Doll,26.0,1087.67,25734.27,0.09,28253.97,-2519.7
2024-01-26,S005,South,Beauty,Perfume,188.0,674.73,125580.75,0.01,126836.56,-1255.81
2024-11-28,S003,East,Sports,Helmet,187.0,1430.37,240731.27,0.1,267211.71,-26480.44
2024-04-25,S001,North,Electronics,Smartphone,134.0,1325.47,120776.83,0.32,177044.62,-56267.79
2023-10-10,S010,Central,Home & Garden,Lamp,149.0,782.52,100272.11,0.14,116432.25,-16160.14
2023-04-26,S013,North,Groceries,Sugar,156.0,1191.5,152416.68,0.18,185539.43,-33122.75
2024-02-13,S004,South,Toys,Puzzle,191.0,900.52,168559.33,0.02,171964.92,-3405.59
2024-11-13,S004,South,Groceries,Flour,132.0,169.4,15652.56,0.3,22293.72,-6641.16
2023-04-05,S011,West,Sports,Running Shoes,151.0,651.66,70848.48,0.28,98125.14,-27276.66
2023-12-08,S015,South,Clothing,Sneakers,163.0,78.74,10396.04,0.19,12810.23,-2414.19
2024-04-09,S008,Central,Clothing,Sneakers,2.0,10.02,15.83,0.21,20.0,-4.17
2024-03-17,S017,Central,Beauty,Sunscreen,14.0,612.62,6260.98,0.27,8553.52,-2292.54
2023-08-05,S001,North,Electronics,Tablet,45.0,1307.09,41173.33,0.3,58642.59,-17469.26
2023-12-13,S017,Central,Sports,Running Shoes,90.0,1146.14,86648.18,0.16,102987.56,-16339.38
2023-11-02,S015,South,Books,Comic,49.0,1293.06,43084.76,0.32,63157.19,-20072.43
2023-11-19,S008,Central,Home & Garden,Cushion,181.0,1494.73,178560.45,0.34,269626.27,-91065.82
2023-08-31,S020,Central,Books,Cookbook,127.0,1159.06,136896.58,0.07,147097.58,-10201.0
2024-05-07,S010,Central,Clothing,Jeans,29.0,1444.56,26811.03,0.36,41741.43,-14930.4
2023-07-10,S005,South,Electronics,Headphones,55.0,1179.64,39576.92,0.39,64627.17,-25050.25
2023-07-25,S012,North,Clothing,Dress,25.0,1223.19,21100.03,0.31,30484.95,-9384.92
2024-05-22,S014,North,Sports,Helmet,98.0,723.9,46112.43,0.35,70693.9,-24581.47
2023-06-14,S019,North,Beauty,Sunscreen,96.0,329.26,21178.0,0.33,31504.65,-10326.65
2024-11-28,S016,South,Beauty,Sunscreen,111.0,1013.73,108023.07,0.04,112479.02,-4455.95
2024-03-18,S013,North,Toys,Board Game,30.0,1461.86,38593.1,0.12,43803.17,-5210.07
2024-10-08,S004,South,Groceries,Rice 5kg,80.0,1480.1,85253.76,0.28,118076.46,-32822.7
2024-02-17,S018,Central,Clothing,T-Shirt,111.0,983.5,109168.5,0.0,109168.5,0.0
2023-12-28,S008,Central,Home & Garden,Lamp,167.0,1338.11,176536.85,0.21,222995.09,-46458.24
2024-10-17,S013,North,Electronics,Smartwatch,92.0,535.63,46814.06,0.05,49253.32,-2439.26
2023-03-16,S014,North,Beauty,Face Cream,139.0,614.42,59783.07,0.3,85148.17,-25365.1
2023-10-22,S018,Central,Electronics,Smartphone,47.0,396.91,15483.46,0.17,18623.06,-3139.6
2023-11-26,S007,North,Beauty,Perfume,166.0,153.39,25208.11,0.01,25460.19,-252.08
2024-01-13,S008,Central,Groceries,Rice 5kg,7.0,1183.86,6298.14,0.24,8267.13,-1968.99
2023-06-11,S018,Central,Toys,Doll,21.0,861.29,17182.74,0.05,18078.05,-895.31
2024-04-04,S001,North,Home & Garden,Rug,133.0,604.92,69995.29,0.13,80349.77,-10354.48
2023-07-11,S009,North,Books,Cookbook,130.0,82.31,10272.29,0.04,10696.02,-423.73
2024-03-24,S016,South,Beauty,Sunscreen,81.0,36.21,1789.14,0.39,2921.57,-1132.43
2023-04-02,S006,South,Books,Textbook,50.0,569.77,26779.19,0.06,28471.41,-1692.22
2024-01-12,S009,North,Clothing,Jeans,185.0,1020.69,124626.25,0.34,188185.64,-63559.39
2024-03-31,S004,South,Home & Garden,Plant Pot,52.0,212.28,9824.32,0.11,11026.42,-1202.1
2023-08-03,S019,North,Toys,Doll,197.0,244.68,29885.22,0.38,48018.79,-18133.57
2024-10-17,S016,South,Clothing,Jacket,107.0,273.16,18706.0,0.36,29122.9,-10416.9
2023-02-09,S017,Central,Sports,Dumbbell,138.0,368.26,36082.11,0.29,50672.5,-14590.39
2023-04-30,S019,North,Electronics,Headphones,79.0,865.43,51276.73,0.25,68198.05,-16921.32
2023-11-20,S012,North,Groceries,Flour,61.0,553.04,33060.73,0.02,33728.69,-667.96
2024-02-19,S001,North,Groceries,Sugar,33.0,864.15,24239.41,0.15,28474.17,-4234.76
2024-07-11,S006,South,Books,Textbook,186.0,828.78,144903.9,0.06,154060.59,-9156.69
2023-10-04,S010,Central,Home & Garden,Curtains,121.0,1297.23,125571.86,0.2,156650.9,-31079.04
2024-09-25,S019,North,Clothing,Sneakers,98.0,1497.29,123256.91,0.16,146499.64,-23242.73
2024-04-25,S002,North,Books,Textbook,77.0,777.66,46107.46,0.23,59742.1,-13634.64
2024-08-28,S012,North,Clothing,Jeans,40.0,837.64,23453.92,0.3,33405.08,-9951.16
2023-10-15,S019,North,Toys,Puzzle,31.0,1166.36,29287.3,0.19,36088.46,-6801.16
2023-01-05,S009,North,Electronics,Smartphone,116.0,169.02,12744.11,0.35,19537.7,-6793.59
2024-12-03,S018,Central,Books,Self-Help,155.0,814.9,103573.79,0.18,126082.14,-22508.35
2023-03-28,S003,East,Sports,Yoga Mat,25.0,901.45,17803.64,0.21,22488.92,-4685.28
2024-09-15,S006,South,Clothing,T-Shirt,116.0,157.98,12278.21,0.33,18265.21,-5987.0
2023-09-10,S004,South,Electronics,Laptop,198.0,870.48,148225.33,0.14,172113.74,-23888.41
2023-09-26,S002,North,Toys,Board Game,101.0,675.62,47083.96,0.31,68026.08,-20942.12
2023-12-02,S001,North,Sports,Running Shoes,143.0,574.74,80544.06,0.02,82171.38,-1627.32
2023-12-14,S015,South,Clothing,Jeans,139.0,234.23,26371.96,0.19,32496.11,-6124.15
2023-03-19,S017,Central,Sports,Dumbbell,74.0,117.23,7460.52,0.14,8662.87,-1202.35
2024-01-18,S016,South,Clothing,T-Shirt,63.0,635.16,36813.87,0.08,39983.07,-3169.2
2024-02-17,S018,Central,Home & Garden,Plant Pot,79.0,797.96,54843.79,0.13,62956.89,-8113.1
2024-10-23,S014,North,Beauty,Shampoo,128.0,285.06,24811.62,0.32,36370.92,-11559.3
2024-05-31,S004,South,Clothing,T-Shirt,142.0,675.53,70025.44,0.27,95666.26,-25640.82
2023-02-06,S008,Central,Books,Textbook,117.0,1091.75,100910.45,0.21,127466.51,-26556.06
2024-07-18,S016,South,Books,Fiction Novel,133.0,1006.73,115149.78,0.14,133707.64,-18557.86
2023-03-03,S017,Central,Beauty,Sunscreen,57.0,1400.32,67047.32,0.16,79690.53,-12643.21
2023-01-10,S014,North,Sports,Dumbbell,179.0,690.49,95170.24,0.23,123313.44,-28143.2
2024-10-19,S010,Central,Electronics,Headphones,64.0,1194.13,67253.4,0.12,76332.61,-9079.21
2024-07-17,S007,North,Groceries,Cooking Oil,151.0,495.63,74840.13,0.0,74840.13,0.0
2024-10-29,S006,South,Sports,Running Shoes,183.0,1228.09,197771.61,0.12,224470.78,-26699.17
2024-02-20,S015,South,Groceries,Cooking Oil,196.0,1468.84,241829.82,0.16,287432.01,-45602.19
2024-11-17,S005,South,Home & Garden,Rug,64.0,1131.41,51411.27,0.29,72200.25,-20788.98
2023-11-16,S013,North,Clothing,Jacket,118.0,72.52,6760.31,0.21,8539.39,-1779.08
2024-02-24,S013,North,Toys,Board Game,2.0,1270.14,1778.2,0.3,2532.66,-754.46
2024-06-29,S017,Central,Home & Garden,Cushion,188.0,1487.77,274106.74,0.02,279644.82,-5538.08
2024-07-07,S015,South,Books,Comic,121.0,1297.9,131918.56,0.16,156794.63,-24876.07
2024-10-31,S016,South,Toys,Puzzle,13.0,672.39,6206.16,0.29,8715.72,-2509.56
2023-10-05,S008,Central,Toys,Board Game,75.0,758.27,42652.69,0.25,56728.07,-14075.38
2024-04-11,S012,North,Home & Garden,Curtains,56.0,742.21,32419.73,0.22,41472.32,-9052.59
2024-09-03,S008,Central,Books,Fiction Novel,39.0,15.79,412.59,0.33,613.78,-201.19
2024-04-11,S008,Central,Groceries,Cooking Oil,162.0,648.0,64035.36,0.39,104566.59,-40531.23
2024-09-07,S017,Central,Clothing,Sneakers,81.0,848.84,42628.74,0.38,68494.77,-25866.03
2023-04-15,S003,East,Clothing,T-Shirt,141.0,1453.41,133205.03,0.35,204213.55,-71008.52
2024-10-08,S020,Central,Toys,Action Figure,198.0,989.38,178266.49,0.09,195720.93,-17454.44
2024-01-06,S010,Central,Clothing,Dress,136.0,187.59,22705.89,0.11,25484.18,-2778.29
2024-12-14,S007,North,Toys,Action Figure,48.0,1147.68,37460.28,0.32,54912.36,-17452.08
2024-05-11,S005,South,Clothing,Jacket,147.0,1020.99,112564.15,0.25,149710.32,-37146.17
2023-03-01,S001,North,Groceries,Coffee,166.0,515.68,82178.76,0.04,85568.64,-3389.88
2023-11-03,S007,North,Electronics,Laptop,41.0,1354.4,39426.58,0.29,55369.36,-15942.78
2024-04-10,S005,South,Home & Garden,Curtains,168.0,1112.12,127048.59,0.32,186238.28,-59189.69
2023-02-28,S009,North,Beauty,Shampoo,15.0,292.69,3556.18,0.19,4382.01,-825.83
2024-05-12,S014,North,Sports,Bottle,118.0,900.84,94606.22,0.11,106182.19,-11575.97
2024-07-30,S011,West,Toys,Action Figure,159.0,364.07,41678.73,0.28,57725.05,-16046.32
2023-10-20,S004,South,Home & Garden,Cushion,95.0,1231.02,94726.99,0.19,116724.7,-21997.71
2024-03-09,S012,North,Clothing,Jacket,107.0,982.17,92481.13,0.12,104966.08,-12484.95
2023-06-24,S003,East,Toys,LEGO Set,98.0,105.23,6703.15,0.35,10276.45,-3573.3
2024-09-10,S006,South,Groceries,Sugar,170.0,357.51,59561.17,0.02,60764.54,-1203.37
2023-03-07,S020,Central,Beauty,Face Cream,141.0,445.92,49042.28,0.22,62736.4,-13694.12
2024-04-14,S008,Central,Clothing,Dress,122.0,309.0,33928.2,0.1,37660.3,-3732.1
2024-12-29,S020,Central,Electronics,Tablet,102.0,1068.61,103548.31,0.05,108943.72,-5395.41
2024-05-07,S009,North,Electronics,Tablet,98.0,792.65,55152.59,0.29,77454.43,-22301.84
2023-11-12,S019,North,Electronics,Smartphone,54.0,1420.68,62140.54,0.19,76570.96,-14430.42
2023-10-07,S005,South,Electronics,Smartwatch,60.0,451.97,19525.1,0.28,27042.27,-7517.17
2024-10-23,S011,West,Beauty,Perfume,46.0,1197.63,39665.51,0.28,54936.73,-15271.22
2024-01-20,S004,South,Clothing,Dress,98.0,522.96,42537.57,0.17,51162.95,-8625.38
2023-10-25,S011,West,Books,Fiction Novel,169.0,91.42,13286.98,0.14,15428.35,-2141.37
2023-04-11,S017,Central,Clothing,Sneakers,6.0,214.96,1199.48,0.07,1288.86,-89.38
2024-08-31,S010,Central,Sports,Running Shoes,188.0,462.34,59974.74,0.31,86650.47,-26675.73
2024-11-09,S003,East,Clothing,Jeans,149.0,1241.47,175730.08,0.05,184886.54,-9156.46
2024-08-08,S019,North,Electronics,Smartwatch,56.0,1079.85,42330.12,0.3,60290.19,-17960.07
2023-03-21,S002,North,Groceries,Coffee,113.0,640.98,58668.9,0.19,72293.12,-13624.22
2024-02-09,S012,North,Sports,Yoga Mat,198.0,899.13,167346.08,0.06,177920.92,-10574.84
2023-09-08,S003,East,Toys,Action Figure,77.0,236.21,17278.76,0.05,18179.08,-900.32
2023-11-08,S009,North,Toys,Doll,89.0,37.29,2688.24,0.19,3312.5,-624.26
2023-07-21,S018,Central,Beauty,Perfume,9.0,1414.51,10439.08,0.18,12707.67,-2268.59
2023-11-29,S016,South,Electronics,Smartphone,160.0,71.34,9473.95,0.17,11395.0,-1921.05
2023-09-14,S003,East,Clothing,Sneakers,194.0,291.85,41331.8,0.27,56466.03,-15134.23
2023-02-11,S010,Central,Groceries,Cooking Oil,130.0,706.2,77117.04,0.16,91659.11,-14542.07
2024-11-07,S015,South,Books,Comic,154.0,1387.89,190224.2,0.11,213499.95,-23275.75
2023-10-17,S014,North,Books,Self-Help,108.0,1357.59,98235.21,0.33,146135.87,-47900.66
2024-04-28,S005,South,Groceries,Rice 5kg,144.0,984.54,114836.75,0.19,141504.39,-26667.64
2023-04-09,S007,North,Electronics,Laptop,8.0,447.2,3291.39,0.08,3574.74,-283.35
2023-07-02,S013,North,Clothing,T-Shirt,84.0,1034.88,54765.85,0.37,86608.28,-31842.43
2023-09-25,S015,South,Electronics,Smartwatch,25.0,1470.44,36761.0,0.0,36761.0,0.0
2023-07-15,S008,Central,Home & Garden,Lamp,162.0,941.98,99190.49,0.35,152066.66,-52876.17
2024-07-04,S007,North,Beauty,Shampoo,56.0,1176.39,60607.61,0.08,65825.14,-5217.53
2023-08-11,S003,East,Clothing,Jeans,193.0,189.12,25915.11,0.29,36394.31,-10479.2
2023-07-04,S014,North,Beauty,Shampoo,195.0,986.59,188537.35,0.02,192346.57,-3809.22
2023-03-02,S014,North,Electronics,Smartphone,45.0,547.69,21442.06,0.13,24614.01,-3171.95
2023-08-14,S018,Central,Toys,Board Game,79.0,476.0,28579.04,0.24,37513.75,-8934.71
2023-01-12,S013,North,Sports,Dumbbell,149.0,280.66,26345.55,0.37,41663.61,-15318.06
2023-11-28,S002,North,Clothing,Sneakers,192.0,246.57,45921.2,0.03,47327.24,-1406.04
2024-07-23,S014,North,Electronics,Smartphone,122.0,722.9,67909.23,0.23,87990.95,-20081.72
2023-12-10,S010,Central,Books,Comic,74.0,848.03,49575.83,0.21,62622.44,-13046.61
2023-02-11,S004,South,Home & Garden,Lamp,51.0,1485.24,62870.21,0.17,75618.47,-12748.26
2024-07-21,S018,Central,Sports,Dumbbell,160.0,294.49,32511.7,0.31,46972.33,-14460.63
2024-09-07,S003,East,Home & Garden,Lamp,116.0,531.91,57999.47,0.06,61664.54,-3665.07
2023-06-21,S011,West,Home & Garden,Plant Pot,68.0,440.65,19776.37,0.34,29862.32,-10085.95
2024-11-21,S015,South,Books,Self-Help,114.0,912.25,63437.86,0.39,103590.91,-40153.05
2023-05-02,S005,South,Sports,Running Shoes,147.0,1296.34,144827.1,0.24,190104.63,-45277.53
2024-11-05,S012,North,Home & Garden,Lamp,115.0,925.45,89398.47,0.16,106256.47,-16858.0
2024-07-08,S009,North,Beauty,Sunscreen,103.0,1302.34,101947.18,0.24,133819.08,-31871.9
2024-01-11,S013,North,Sports,Bottle,22.0,1341.75,21253.32,0.28,29435.85,-8182.53
2024-02-03,S009,North,Electronics,Tablet,106.0,30.44,2000.52,0.38,3214.38,-1213.86
2024-06-11,S007,North,Home & Garden,Lamp,56.0,602.85,32746.81,0.03,33749.47,-1002.66
2023-02-06,S018,Central,Toys,Puzzle,83.0,376.15,19668.88,0.37,31104.93,-11436.05
2024-08-31,S004,South,Sports,Helmet,30.0,945.99,27812.11,0.02,28374.02,-561.91
2024-03-09,S008,Central,Clothing,Jeans,168.0,1157.95,167300.62,0.14,194263.25,-26962.63
2024-10-01,S014,North,Sports,Running Shoes,107.0,1169.29,125114.03,0.0,125114.03,0.0
2023-04-19,S011,West,Toys,Board Game,63.0,415.42,18058.31,0.31,26090.33,-8032.02
2024-12-31,S015,South,Books,Fiction Novel,181.0,70.44,10582.2,0.17,12727.97,-2145.77
2023-03-30,S003,East,Home & Garden,Rug,101.0,909.71,85449.06,0.07,91816.39,-6367.33
2024-07-13,S002,North,Beauty,Perfume,139.0,1302.29,115851.72,0.36,180366.64,-64514.92
2024-09-24,S001,North,Books,Comic,52.0,979.75,31587.14,0.38,50753.4,-19166.26
2024-10-08,S012,North,Sports,Running Shoes,93.0,526.16,42571.61,0.13,48869.27,-6297.66
2023-11-18,S020,Central,Toys,Puzzle,173.0,122.0,17729.04,0.16,21072.23,-3343.19
2023-10-10,S012,North,Toys,Action Figure,73.0,215.36,13677.51,0.13,15700.84,-2023.33
2023-12-16,S010,Central,Books,Textbook,121.0,769.6,79153.36,0.15,92981.92,-13828.56
2024-04-05,S002,North,Electronics,Headphones,177.0,396.41,58236.59,0.17,70045.29,-11808.7
2023-12-16,S018,Central,Electronics,Headphones,121.0,129.77,10520.45,0.33,15650.35,-5129.9
2023-09-01,S018,Central,Beauty,Sunscreen,168.0,1498.13,251685.84,0.0,251685.84,-0.0
2024-05-09,S004,South,Beauty,Lipstick,138.0,456.91,51703.94,0.18,62940.08,-11236.14
2024-07-28,S014,North,Sports,Running Shoes,119.0,1326.9,96319.67,0.39,157285.29,-60965.62
2024-08-16,S003,East,Books,Self-Help,69.0,939.44,62876.72,0.03,64801.91,-1925.19
2024-04-23,S015,South,Electronics,Laptop,81.0,697.91,37875.58,0.33,56344.16,-18468.58
2023-10-19,S007,North,Home & Garden,Curtains,141.0,488.29,48194.22,0.3,68642.34,-20448.12
2023-12-26,S002,North,Home & Garden,Lamp,88.0,104.1,8061.5,0.12,9149.81,-1088.31
2024-04-13,S008,Central,Beauty,Lipstick,46.0,168.01,6182.77,0.2,7713.0,-1530.23
2024-03-25,S017,Central,Electronics,Smartphone,73.0,859.21,57704.54,0.08,62672.15,-4967.61
2023-11-24,S016,South,Clothing,Jeans,162.0,1102.33,164291.26,0.08,178434.6,-14143.34
2023-05-12,S014,North,Groceries,Cooking Oil,61.0,851.94,35338.47,0.32,51802.04,-16463.57
2023-10-21,S004,South,Groceries,Rice 5kg,165.0,53.02,6123.81,0.3,8722.06,-2598.25
2023-12-04,S019,North,Toys,Doll,20.0,500.45,6405.76,0.36,9972.97,-3567.21
2024-11-23,S009,North,Books,Cookbook,96.0,847.9,75700.51,0.07,81341.42,-5640.91
2024-04-21,S010,Central,Beauty,Face Cream,60.0,280.09,15965.13,0.05,16797.0,-831.87
2024-05-24,S001,North,Clothing,T-Shirt,176.0,1126.47,142746.28,0.28,197703.6,-54957.32
2023-12-21,S019,North,Beauty,Face Cream,78.0,508.76,33730.79,0.15,39623.76,-5892.97
2023-02-19,S001,North,Beauty,Sunscreen,118.0,1059.19,122484.73,0.02,124959.42,-2474.69
2023-10-04,S006,South,Clothing,Dress,140.0,350.99,46190.28,0.06,49109.12,-2918.84
2024-07-28,S006,South,Sports,Yoga Mat,105.0,39.69,2542.14,0.39,4151.2,-1609.06
2024-11-30,S002,North,Home & Garden,Curtains,138.0,1130.3,121665.49,0.22,155638.24,-33972.75
2023-05-25,S010,Central,Home & Garden,Plant Pot,19.0,470.51,5721.4,0.36,8907.51,-3186.11
2023-06-28,S017,Central,Clothing,Sneakers,79.0,979.93,61157.43,0.21,77251.9,-16094.47
2024-05-30,S018,Central,Home & Garden,Lamp,45.0,137.12,5183.14,0.16,6160.53,-977.39
2024-01-05,S003,East,Electronics,Tablet,121.0,70.08,7207.73,0.15,8466.96,-1259.23
2024-12-14,S001,North,Sports,Running Shoes,6.0,988.61,3677.63,0.38,5909.12,-2231.49
2023-07-28,S014,North,Clothing,Jeans,40.0,1028.65,27156.36,0.34,41006.1,-13849.74
2023-09-30,S006,South,Clothing,Jacket,18.0,125.63,1605.55,0.29,2254.78,-649.23
2023-10-17,S009,North,Electronics,Tablet,13.0,232.79,2996.01,0.01,3025.97,-29.96
2023-06-12,S003,East,Home & Garden,Rug,73.0,1329.32,72780.27,0.25,96797.76,-24017.49
2023-11-13,S012,North,Books,Comic,183.0,1207.49,185615.36,0.16,220617.12,-35001.76
2024-07-30,S010,Central,Books,Self-Help,142.0,1485.15,196128.91,0.07,210743.68,-14614.77
2024-05-03,S005,South,Books,Self-Help,42.0,109.19,3531.2,0.23,4575.43,-1044.23
2024-02-19,S019,North,Home & Garden,Rug,85.0,585.57,47284.78,0.05,49748.56,-2463.78
2023-08-31,S013,North,Toys,Puzzle,18.0,859.01,14225.21,0.08,15449.81,-1224.6
2023-01-31,S005,South,Clothing,T-Shirt,107.0,296.38,23467.37,0.26,31630.21,-8162.84
2023-10-15,S008,Central,Home & Garden,Rug,99.0,715.0,67953.6,0.04,70756.69,-2803.09
2024-01-28,S008,Central,Toys,Puzzle,20.0,324.7,4870.5,0.25,6477.76,-1607.27
2023-09-30,S004,South,Groceries,Flour,48.0,230.6,9187.1,0.17,11049.98,-1862.88
2023-12-04,S011,West,Toys,Action Figure,173.0,1164.46,147059.65,0.27,200907.66,-53848.01
2024-08-02,S014,North,Groceries,Cooking Oil,149.0,282.75,29912.12,0.29,42007.57,-12095.45
2024-07-10,S016,South,Home & Garden,Cushion,35.0,175.44,4666.7,0.24,6125.66,-1458.96
2024-08-11,S016,South,Books,Self-Help,21.0,350.42,5519.12,0.25,7340.42,-1821.3
2024-03-24,S007,North,Sports,Yoga Mat,86.0,664.96,56614.69,0.01,57180.84,-566.15
2024-01-22,S009,North,Home & Garden,Lamp,141.0,569.79,54631.47,0.32,80083.3,-25451.83
2023-12-17,S007,North,Sports,Helmet,52.0,434.02,21891.97,0.03,22562.27,-670.3
2024-11-30,S002,North,Electronics,Laptop,131.0,439.19,52931.18,0.08,57487.86,-4556.68
2023-05-13,S019,North,Home & Garden,Curtains,96.0,521.64,46071.24,0.08,50037.38,-3966.14
2023-11-01,S008,Central,Books,Cookbook,122.0,1176.96,143589.12,0.0,143589.12,0.0
2024-07-19,S004,South,Electronics,Headphones,62.0,967.26,56971.61,0.05,59940.13,-2968.52
2023-02-14,S009,North,Toys,Doll,188.0,466.76,60548.11,0.31,87478.85,-26930.74
2023-09-07,S014,North,Clothing,T-Shirt,155.0,1020.52,112308.23,0.29,157721.88,-45413.65
2024-06-23,S003,East,Electronics,Laptop,110.0,337.69,27116.51,0.27,37045.61,-9929.1
2023-02-15,S011,West,Electronics,Headphones,119.0,354.57,38818.32,0.08,42160.07,-3341.75
2023-08-18,S019,North,Electronics,Tablet,171.0,256.9,36022.52,0.18,43850.83,-7828.31
2024-10-03,S015,South,Toys,LEGO Set,44.0,1314.98,41658.57,0.28,57697.11,-16038.54
2023-08-06,S008,Central,Books,Fiction Novel,92.0,963.17,78864.36,0.11,88514.17,-9649.81
2023-05-16,S017,Central,Groceries,Flour,21.0,1177.22,22496.67,0.09,24699.37,-2202.7
2023-10-08,S010,Central,Clothing,Sneakers,174.0,817.07,90988.92,0.36,141658.37,-50669.45
2023-07-14,S009,North,Electronics,Smartphone,63.0,1009.89,44536.15,0.3,63432.2,-18896.05
2023-04-16,S018,Central,Electronics,Headphones,66.0,1121.99,50354.91,0.32,73814.38,-23459.47
2023-07-02,S008,Central,Toys,Action Figure,145.0,906.55,93329.32,0.29,131068.55,-37739.23
2023-04-07,S018,Central,Groceries,Sugar,58.0,193.25,7061.36,0.37,11167.03,-4105.67
2023-01-25,S012,North,Clothing,Jeans,12.0,616.08,6136.16,0.17,7380.39,-1244.23
2024-01-08,S017,Central,Toys,Doll,159.0,1350.51,130985.96,0.39,213893.64,-82907.68
2023-05-27,S004,South,Sports,Running Shoes,177.0,1404.57,216289.73,0.13,248285.7,-31995.97
2024-04-12,S010,Central,Home & Garden,Plant Pot,195.0,1262.65,204359.9,0.17,245798.18,-41438.28
2024-02-28,S012,North,Toys,LEGO Set,99.0,234.9,22557.45,0.03,23248.12,-690.67
2023-07-24,S005,South,Toys,LEGO Set,142.0,665.56,60486.09,0.36,94169.29,-33683.2
2024-04-23,S015,South,Home & Garden,Rug,37.0,1267.58,35644.35,0.24,46787.9,-11143.55
2023-12-18,S017,Central,Beauty,Shampoo,51.0,1388.6,49573.02,0.3,70606.14,-21033.12
2023-05-19,S004,South,Home & Garden,Lamp,137.0,961.83,127817.59,0.03,131731.18,-3913.59
2023-11-22,S006,South,Clothing,Dress,145.0,1105.4,118609.42,0.26,159866.26,-41256.84
2023-11-20,S010,Central,Sports,Running Shoes,25.0,803.96,17285.14,0.14,20070.86,-2785.72
2023-07-06,S001,North,Clothing,T-Shirt,175.0,1384.63,147809.25,0.39,241365.24,-93555.99
2023-11-02,S013,North,Clothing,Jacket,37.0,622.17,20027.65,0.13,22990.36,-2962.71
2024-10-22,S020,Central,Electronics,Laptop,177.0,1376.6,177870.49,0.27,243000.32,-65129.83
2023-06-18,S005,South,Electronics,Tablet,96.0,1149.69,97125.81,0.12,110237.8,-13111.99
2023-02-25,S011,West,Books,Comic,158.0,28.05,3634.16,0.18,4423.92,-789.76
2023-11-08,S003,East,Clothing,Jacket,182.0,460.65,67070.64,0.2,83670.62,-16599.98
2023-09-03,S018,Central,Books,Self-Help,92.0,1435.57,130751.72,0.01,132059.23,-1307.51
2024-06-13,S005,South,Electronics,Tablet,37.0,1210.64,37626.69,0.16,44722.01,-7095.32
2023-10-21,S014,North,Sports,Dumbbell,51.0,1484.36,74188.31,0.02,75687.22,-1498.91
2024-08-04,S016,South,Books,Fiction Novel,149.0,724.89,77766.2,0.28,107706.19,-29939.99
2023-05-03,S011,West,Beauty,Shampoo,68.0,1443.45,68708.22,0.3,97860.14,-29151.92
2024-11-15,S016,South,Clothing,Sneakers,87.0,1477.87,111859.98,0.13,128407.54,-16547.56
2023-04-18,S009,North,Toys,Doll,19.0,749.28,14236.32,0.0,14236.32,0.0
2023-01-27,S002,North,Electronics,Laptop,170.0,395.62,60529.86,0.1,67188.14,-6658.28
2023-05-05,S004,South,Home & Garden,Cushion,49.0,702.11,29586.92,0.14,34355.23,-4768.31
2023-06-11,S010,Central,Toys,LEGO Set,103.0,568.86,57420.73,0.02,58580.86,-1160.13
2023-06-02,S004,South,Beauty,Perfume,151.0,1265.81,129973.37,0.32,190525.67,-60552.3
2023-01-13,S004,South,Beauty,Lipstick,110.0,460.52,36979.76,0.27,50520.43,-13540.67
2024-08-07,S015,South,Home & Garden,Cushion,75.0,1271.87,72496.59,0.24,95161.31,-22664.72
2024-09-30,S002,North,Clothing,Dress,156.0,264.95,40092.23,0.03,41319.8,-1227.57
2023-04-23,S010,Central,Electronics,Smartphone,119.0,806.8,72966.99,0.24,95778.78,-22811.79
2024-06-13,S004,South,Beauty,Face Cream,89.0,1030.67,88060.44,0.04,91692.94,-3632.5
2024-08-09,S018,Central,Toys,Puzzle,51.0,1095.0,35182.35,0.37,55638.37,-20456.02
2024-10-11,S015,South,Sports,Running Shoes,14.0,511.1,5509.66,0.23,7138.94,-1629.28
2023-11-29,S005,South,Electronics,Laptop,51.0,302.41,15422.91,0.0,15422.91,-0.0
2023-01-17,S008,Central,Beauty,Lipstick,4.0,190.47,487.6,0.36,759.14,-271.54
2023-08-29,S008,Central,Toys,Puzzle,54.0,428.77,17365.18,0.25,23095.7,-5730.52
2023-07-31,S019,North,Toys,Doll,114.0,1393.32,115952.09,0.27,158409.62,-42457.53
2023-06-25,S018,Central,Sports,Bottle,53.0,572.92,23077.22,0.24,30291.88,-7214.66
2023-07-17,S010,Central,Clothing,T-Shirt,76.0,1086.97,79305.33,0.04,82576.68,-3271.35
2023-06-25,S018,Central,Home & Garden,Lamp,83.0,907.87,58775.5,0.22,75187.43,-16411.93
2024-08-24,S009,North,Toys,LEGO Set,176.0,1091.24,120996.69,0.37,191347.62,-70350.93
2024-09-29,S010,Central,Electronics,Smartphone,174.0,709.07,104871.45,0.15,123193.11,-18321.66
2023-09-18,S019,North,Clothing,Dress,150.0,594.82,55318.26,0.38,88883.95,-33565.69
2023-11-09,S009,North,Electronics,Headphones,187.0,483.16,62342.13,0.31,90070.83,-27728.7
2024-01-29,S019,North,Home & Garden,Cushion,167.0,136.24,19794.31,0.13,22722.5,-2928.19
2023-05-30,S010,Central,Groceries,Cooking Oil,166.0,1080.05,148809.29,0.17,178983.51,-30174.22
2023-05-16,S017,Central,Groceries,Sugar,141.0,1465.67,171527.36,0.17,206308.15,-34780.79
2024-10-05,S008,Central,Clothing,T-Shirt,32.0,1008.3,23231.23,0.28,32175.26,-8944.03
2024-07-28,S017,Central,Home & Garden,Curtains,189.0,938.32,111725.76,0.37,176686.31,-64960.55
2024-11-11,S018,Central,Books,Comic,41.0,1093.84,40811.17,0.09,44807.08,-3995.91
2023-02-17,S014,North,Toys,Doll,109.0,406.67,42997.22,0.03,44313.73,-1316.51
2023-01-21,S009,North,Sports,Dumbbell,24.0,628.9,9659.9,0.36,15039.26,-5379.36
2023-06-04,S010,Central,Sports,Running Shoes,48.0,1298.37,52350.28,0.16,62222.05,-9871.77
2023-02-14,S012,North,Groceries,Flour,45.0,288.37,8305.06,0.36,12929.93,-4624.87
2024-04-06,S016,South,Home & Garden,Cushion,142.0,1412.01,166419.5,0.17,200164.56,-33745.06
2023-01-20,S007,North,Sports,Yoga Mat,153.0,402.12,38145.1,0.38,61290.57,-23145.47
2024-12-07,S004,South,Sports,Bottle,80.0,1120.87,88772.9,0.01,89660.63,-887.73
2023-02-12,S016,South,Books,Comic,98.0,967.26,83416.5,0.12,94677.73,-11261.23
2023-12-07,S002,North,Clothing,Jeans,179.0,1350.02,188489.79,0.22,241121.94,-52632.15
2024-03-18,S018,Central,Toys,Board Game,25.0,744.89,14525.36,0.22,18581.28,-4055.92
2023-04-14,S014,North,Groceries,Coffee,98.0,175.24,14940.96,0.13,17151.19,-2210.23
2024-04-24,S017,Central,Sports,Bottle,3.0,1022.02,2912.76,0.05,3064.53,-151.77
2024-03-13,S018,Central,Electronics,Laptop,20.0,1417.85,20417.04,0.28,28277.6,-7860.56
2024-09-05,S016,South,Clothing,Sneakers,146.0,261.33,23655.59,0.38,38009.19,-14353.6
2024-04-13,S005,South,Home & Garden,Curtains,4.0,1142.66,2970.92,0.35,4554.64,-1583.72
2024-01-05,S001,North,Electronics,Laptop,176.0,1323.01,193265.3,0.17,232453.92,-39188.62
2023-07-11,S008,Central,Electronics,Laptop,146.0,1070.98,151672.19,0.03,156316.17,-4643.98
2024-05-04,S018,Central,Electronics,Tablet,127.0,206.29,23316.96,0.11,26170.01,-2853.05
2023-12-13,S019,North,Books,Fiction Novel,53.0,964.16,33726.32,0.34,50926.74,-17200.42
2023-09-15,S010,Central,Home & Garden,Curtains,78.0,1451.67,98510.33,0.13,113083.06,-14572.73
2023-06-04,S015,South,Beauty,Face Cream,166.0,413.08,43885.62,0.36,68324.42,-24438.8
2024-02-10,S007,North,Electronics,Laptop,89.0,1074.29,72664.98,0.24,95382.34,-22717.36
2024-09-18,S020,Central,Beauty,Sunscreen,88.0,1397.73,81180.16,0.34,122582.04,-41401.88
2024-03-13,S017,Central,Beauty,Perfume,125.0,552.33,63517.95,0.08,68986.02,-5468.07
2023-08-21,S001,North,Beauty,Shampoo,79.0,385.47,24361.7,0.2,30391.23,-6029.53
2023-04-21,S020,Central,Clothing,T-Shirt,71.0,557.96,34861.34,0.12,39567.62,-4706.28
2023-06-03,S020,Central,Books,Fiction Novel,72.0,991.95,58564.73,0.18,71291.84,-12727.11
2024-05-29,S011,West,Groceries,Cooking Oil,31.0,362.61,9105.14,0.19,11219.55,-2114.41
2024-03-25,S018,Central,Books,Cookbook,173.0,282.62,48404.33,0.01,48888.37,-484.04
2024-12-25,S011,West,Sports,Running Shoes,178.0,370.14,58637.58,0.11,65812.45,-7174.87
2024-12-10,S014,North,Groceries,Cooking Oil,107.0,900.58,71307.92,0.26,96111.52,-24803.6
2023-07-30,S007,North,Home & Garden,Lamp,153.0,1049.84,144562.97,0.1,160464.89,-15901.92
2024-06-06,S008,Central,Electronics,Headphones,165.0,200.97,29512.44,0.11,33123.57,-3611.13
2024-10-01,S016,South,Books,Textbook,102.0,450.61,41825.62,0.09,45920.85,-4095.23
2024-02-16,S005,South,Clothing,Jeans,3.0,395.9,831.39,0.3,1184.14,-352.75
2024-03-08,S008,Central,Books,Self-Help,120.0,746.14,68943.34,0.23,89330.87,-20387.53
2023-12-03,S004,South,Books,Textbook,129.0,1382.74,135563.83,0.24,177945.36,-42381.53
2024-10-23,S017,Central,Books,Cookbook,116.0,1210.33,112318.62,0.2,140117.48,-27798.86
2024-08-04,S011,West,Sports,Bottle,187.0,555.18,72673.06,0.3,103507.2,-30834.14
2023-08-18,S006,South,Beauty,Perfume,175.0,702.35,121682.14,0.01,122898.96,-1216.82
2024-09-02,S004,South,Books,Fiction Novel,45.0,215.24,6876.92,0.29,9657.71,-2780.79
2023-07-19,S012,North,Groceries,Coffee,63.0,954.15,50493.62,0.16,60015.27,-9521.65
2023-08-26,S006,South,Toys,LEGO Set,184.0,267.51,33963.07,0.31,49069.25,-15106.18
2023-12-03,S020,Central,Electronics,Tablet,191.0,72.61,11649.55,0.16,13846.32,-2196.77
2024-05-03,S012,North,Groceries,Sugar,185.0,565.67,103602.46,0.01,104638.49,-1036.03
2023-04-15,S014,North,Sports,Helmet,11.0,602.59,4838.8,0.27,6610.59,-1771.79
2023-08-05,S020,Central,Home & Garden,Cushion,157.0,779.27,112557.76,0.08,122247.51,-9689.75
2023-08-17,S009,North,Sports,Bottle,198.0,419.43,53150.17,0.36,82748.17,-29598.0
2023-03-14,S017,Central,Clothing,Jacket,150.0,568.86,65703.33,0.23,85132.74,-19429.41
2024-11-22,S013,North,Beauty,Shampoo,152.0,695.64,89876.69,0.15,105578.67,-15701.98
2023-10-29,S018,Central,Beauty,Sunscreen,34.0,1331.79,28526.94,0.37,45113.32,-16586.38
2023-08-23,S015,South,Home & Garden,Lamp,17.0,322.95,3513.7,0.36,5470.39,-1956.69
2023-11-15,S020,Central,Electronics,Smartwatch,193.0,593.58,111124.11,0.03,114526.57,-3402.46
2023-01-07,S018,Central,Toys,Action Figure,157.0,397.31,52397.24,0.16,62277.87,-9880.63
2024-09-02,S011,West,Clothing,Jeans,115.0,1431.82,126787.66,0.23,164280.58,-37492.92
2023-01-11,S012,North,Sports,Dumbbell,148.0,1060.72,97331.67,0.38,156390.01,-59058.34
2024-09-14,S020,Central,Beauty,Face Cream,121.0,1476.65,119712.02,0.33,178085.02,-58373.0
2024-12-15,S018,Central,Books,Cookbook,81.0,769.67,42393.42,0.32,62143.77,-19750.35
2023-08-01,S019,North,Sports,Bottle,150.0,552.62,63827.61,0.23,82702.35,-18874.74
2024-12-01,S008,Central,Groceries,Flour,116.0,340.09,32349.36,0.18,39379.43,-7030.07
2024-12-30,S016,South,Toys,LEGO Set,185.0,776.59,87638.18,0.39,143108.84,-55470.66
2023-11-21,S008,Central,Home & Garden,Plant Pot,143.0,1098.83,100564.92,0.36,156567.01,-56002.09
2023-09-24,S020,Central,Sports,Running Shoes,5.0,132.67,543.95,0.18,662.16,-118.21
2023-12-14,S018,Central,Books,Self-Help,51.0,905.68,38799.33,0.16,46115.78,-7316.45
2024-09-16,S018,Central,Home & Garden,Cushion,77.0,369.56,17358.23,0.39,28345.14,-10986.91
2024-09-27,S007,North,Home & Garden,Plant Pot,1.0,107.83,76.56,0.29,107.52,-30.96
2023-11-18,S012,North,Beauty,Face Cream,101.0,651.2,59851.79,0.09,65712.01,-5860.22
2023-01-10,S004,South,Toys,Puzzle,131.0,792.91,70632.42,0.32,103538.82,-32906.4
2024-09-10,S009,North,Groceries,Rice 5kg,69.0,80.35,4435.32,0.2,5533.06,-1097.74
2023-06-26,S017,Central,Toys,Action Figure,61.0,1356.08,75276.0,0.09,82646.43,-7370.43
2024-05-02,S014,North,Groceries,Sugar,155.0,192.44,19090.05,0.36,29720.82,-10630.77
2024-05-20,S010,Central,Electronics,Smartphone,160.0,1298.67,128828.06,0.38,206997.61,-78169.55
2023-03-29,S018,Central,Clothing,Jeans,154.0,277.59,27786.76,0.35,42599.24,-14812.48
2024-10-06,S014,North,Groceries,Coffee,172.0,1295.93,151571.97,0.32,222186.68,-70614.71
2024-05-07,S006,South,Clothing,Sneakers,44.0,1140.28,36124.07,0.28,50031.84,-13907.77
2023-10-28,S013,North,Home & Garden,Lamp,137.0,674.38,72064.25,0.22,92186.8,-20122.55
2023-02-23,S009,North,Home & Garden,Cushion,170.0,1129.28,120945.89,0.37,191267.28,-70321.39
2024-05-01,S004,South,Books,Cookbook,116.0,960.31,98028.44,0.12,111262.28,-13233.84
2023-02-06,S020,Central,Books,Self-Help,21.0,599.58,12087.53,0.04,12586.14,-498.61
2024-09-25,S019,North,Electronics,Smartwatch,81.0,429.44,33741.1,0.03,34774.2,-1033.1
2024-12-08,S011,West,Books,Fiction Novel,199.0,551.01,67983.61,0.38,109234.32,-41250.71
2023-06-30,S011,West,Clothing,T-Shirt,104.0,329.8,26753.38,0.22,34223.74,-7470.36
2024-01-08,S007,North,Groceries,Sugar,37.0,951.35,22175.97,0.37,35069.71,-12893.74
2023-10-20,S017,Central,Clothing,Dress,158.0,1259.17,157169.6,0.21,198531.07,-41361.47
2024-09-03,S020,Central,Books,Comic,4.0,441.31,1482.8,0.16,1762.42,-279.62
2024-05-07,S002,North,Clothing,Sneakers,57.0,23.35,971.59,0.27,1327.36,-355.77
2023-03-14,S011,West,Books,Cookbook,90.0,283.17,23191.62,0.09,25462.36,-2270.74
2023-06-14,S018,Central,Sports,Dumbbell,45.0,1259.8,40817.52,0.28,56532.27,-15714.75
2024-06-27,S002,North,Clothing,Sneakers,183.0,1056.47,145000.51,0.25,192850.67,-47850.16
2024-12-19,S017,Central,Groceries,Cooking Oil,157.0,1277.76,142431.91,0.29,200026.56,-57594.65
2023-04-18,S008,Central,Home & Garden,Cushion,48.0,1096.4,46311.94,0.12,52564.05,-6252.11
2024-10-22,S019,North,Electronics,Tablet,34.0,1434.0,43392.84,0.11,48702.37,-5309.53
2024-08-17,S003,East,Beauty,Lipstick,38.0,645.2,21820.66,0.11,24490.63,-2669.97
2023-07-02,S016,South,Books,Fiction Novel,196.0,1159.56,163637.11,0.28,226637.39,-63000.28
2023-02-20,S012,North,Clothing,T-Shirt,50.0,1434.38,58092.39,0.19,71582.73,-13490.34
2024-01-11,S011,West,Toys,Doll,195.0,714.67,125424.58,0.1,139221.29,-13796.71
2024-04-10,S015,South,Toys,Puzzle,81.0,1272.72,75255.93,0.27,102811.98,-27556.05
2024-08-08,S013,North,Toys,Puzzle,60.0,232.39,11712.46,0.16,13921.09,-2208.63
2023-01-25,S018,Central,Electronics,Tablet,151.0,556.98,73170.46,0.13,83994.64,-10824.18
2023-01-24,S013,North,Electronics,Tablet,80.0,912.44,64235.78,0.12,72907.61,-8671.83
2024-02-07,S010,Central,Books,Comic,115.0,644.17,61486.03,0.17,73953.61,-12467.58
2023-12-27,S012,North,Groceries,Rice 5kg,113.0,644.13,61868.69,0.15,72677.51,-10808.82
2023-03-01,S017,Central,Clothing,T-Shirt,122.0,542.25,44323.51,0.33,65936.19,-21612.68
2023-05-05,S009,North,Clothing,Dress,118.0,1465.69,171221.91,0.01,172934.12,-1712.21
2023-05-21,S012,North,Beauty,Shampoo,128.0,954.72,113649.87,0.07,122118.62,-8468.75
2023-06-20,S003,East,Electronics,Smartphone,31.0,501.91,14314.47,0.08,15546.76,-1232.29
2024-05-15,S020,Central,Toys,Action Figure,53.0,275.2,11960.19,0.18,14559.35,-2599.16
2024-12-22,S019,North,Books,Cookbook,19.0,1048.43,17330.55,0.13,19894.27,-2563.72
2023-12-15,S013,North,Beauty,Shampoo,68.0,196.45,10954.05,0.18,13334.55,-2380.5
2023-08-01,S020,Central,Toys,Doll,12.0,504.02,4717.63,0.22,6034.93,-1317.3
2024-02-02,S001,North,Home & Garden,Cushion,44.0,289.31,11711.27,0.08,12719.46,-1008.19
2023-01-15,S013,North,Toys,LEGO Set,175.0,1362.57,231296.26,0.03,238378.22,-7081.96
2023-09-18,S011,West,Home & Garden,Cushion,136.0,537.9,56328.89,0.23,72986.14,-16657.25
2023-10-20,S016,South,Beauty,Face Cream,151.0,838.16,99984.11,0.21,126296.38,-26312.27
2024-01-30,S005,South,Home & Garden,Curtains,176.0,429.52,62744.28,0.17,75467.01,-12722.73
2023-12-28,S011,West,Clothing,Dress,38.0,1175.79,37978.02,0.15,44613.0,-6634.98
2023-05-12,S008,Central,Books,Fiction Novel,2.0,1039.28,1683.63,0.19,2074.61,-390.98
2023-08-06,S005,South,Home & Garden,Curtains,104.0,437.2,44559.42,0.02,45459.71,-900.29
2024-11-07,S012,North,Toys,LEGO Set,45.0,691.23,26128.49,0.16,31055.58,-4927.09
2024-07-10,S001,North,Toys,Doll,47.0,609.49,23203.28,0.19,28591.6,-5388.32
2024-07-31,S018,Central,Beauty,Perfume,155.0,1000.33,103884.27,0.33,154539.48,-50655.21
2024-07-19,S007,North,Clothing,T-Shirt,28.0,557.29,14355.79,0.08,15591.64,-1235.85
2024-05-09,S008,Central,Clothing,T-Shirt,7.0,184.86,1035.22,0.2,1291.43,-256.21
2023-08-26,S015,South,Groceries,Sugar,125.0,843.21,68510.81,0.35,105032.35,-36521.54
2024-10-09,S002,North,Home & Garden,Plant Pot,13.0,182.25,1824.32,0.23,2363.8,-539.48
2023-11-15,S011,West,Books,Fiction Novel,176.0,556.09,58723.1,0.4,97480.35,-38757.25
2024-03-15,S019,North,Home & Garden,Lamp,194.0,422.02,74503.41,0.09,81798.2,-7294.79
2024-05-01,S016,South,Sports,Dumbbell,94.0,180.84,12239.25,0.28,16951.36,-4712.11
2023-04-01,S006,South,Electronics,Smartwatch,104.0,1374.72,115806.41,0.19,142699.24,-26892.83
2023-03-25,S013,North,Sports,Yoga Mat,168.0,734.03,82622.42,0.33,122910.09,-40287.67
2023-11-26,S011,West,Electronics,Headphones,130.0,256.1,30962.49,0.07,33269.69,-2307.2
2023-09-28,S012,North,Groceries,Sugar,186.0,858.79,153345.54,0.04,159671.05,-6325.51
2024-05-18,S016,South,Toys,Action Figure,184.0,636.44,73776.12,0.37,116671.67,-42895.55
2023-02-07,S015,South,Sports,Dumbbell,91.0,1415.45,100468.64,0.22,128522.58,-28053.94
2023-08-28,S020,Central,Sports,Bottle,167.0,17.46,2361.81,0.19,2910.28,-548.47
2023-07-20,S010,Central,Books,Self-Help,66.0,522.58,21728.88,0.37,34362.67,-12633.79
2023-01-05,S014,North,Home & Garden,Cushion,129.0,1037.93,107114.38,0.2,133625.18,-26510.8
2023-07-31,S007,North,Beauty,Shampoo,110.0,681.97,60763.53,0.19,74874.17,-14110.64
2023-12-24,S017,Central,Groceries,Rice 5kg,122.0,1203.25,136520.74,0.07,146693.74,-10173.0
2024-11-10,S006,South,Sports,Running Shoes,62.0,1476.11,55826.48,0.39,91161.9,-35335.42
2024-05-21,S016,South,Toys,Puzzle,103.0,1013.65,83524.76,0.2,104197.14,-20672.38
2024-10-10,S014,North,Groceries,Coffee,123.0,1190.17,124432.27,0.15,146171.32,-21739.05
2024-01-03,S009,North,Groceries,Coffee,109.0,116.17,11396.28,0.1,12649.87,-1253.59
2024-04-27,S017,Central,Electronics,Tablet,163.0,568.47,68568.85,0.26,92419.69,-23850.84
2023-03-27,S008,Central,Electronics,Smartwatch,124.0,990.29,81045.33,0.34,122378.45,-41333.12
2023-01-24,S017,Central,Home & Garden,Rug,6.0,1423.99,6749.71,0.21,8526.0,-1776.29
2024-01-07,S003,East,Books,Fiction Novel,53.0,335.9,16912.56,0.05,17793.8,-881.24
2024-12-05,S018,Central,Electronics,Headphones,153.0,745.71,101543.33,0.11,113968.13,-12424.8
2023-09-17,S006,South,Beauty,Lipstick,72.0,1084.7,66383.64,0.15,77981.25,-11597.61
2023-12-12,S007,North,Groceries,Sugar,175.0,536.64,64799.28,0.31,93620.87,-28821.59
2024-01-09,S014,North,Home & Garden,Cushion,34.0,18.84,441.99,0.31,638.57,-196.58
2024-05-05,S010,Central,Beauty,Lipstick,50.0,400.35,18416.1,0.08,20001.49,-1585.39
2024-02-16,S009,North,Beauty,Sunscreen,47.0,1321.94,46598.39,0.25,61975.85,-15377.46
2023-03-29,S005,South,Electronics,Headphones,187.0,1089.77,167105.33,0.18,203420.17,-36314.84
2024-06-17,S003,East,Electronics,Laptop,144.0,755.31,82661.13,0.24,108503.6,-25842.47
2024-02-02,S019,North,Groceries,Coffee,173.0,1409.95,243921.35,0.0,243921.35,0.0
2023-07-11,S011,West,Electronics,Smartwatch,198.0,411.47,58659.16,0.28,81242.94,-22583.78
2024-11-10,S019,North,Electronics,Smartphone,137.0,22.6,2384.07,0.23,3089.08,-705.01
2024-02-09,S006,South,Sports,Dumbbell,180.0,1206.46,191103.26,0.12,216902.2,-25798.94
2023-03-13,S006,South,Books,Textbook,90.0,605.74,36526.12,0.33,54336.7,-17810.58
2023-05-10,S007,North,Books,Cookbook,19.0,1129.16,13945.13,0.35,21378.95,-7433.82
2024-08-02,S016,South,Books,Fiction Novel,12.0,153.86,1273.96,0.31,1840.6,-566.64
2023-07-16,S015,South,Sports,Helmet,115.0,856.38,78786.96,0.2,98286.73,-19499.77
2024-03-10,S013,North,Electronics,Smartwatch,91.0,266.16,19376.45,0.2,24172.12,-4795.67
2023-12-23,S007,North,Books,Fiction Novel,113.0,918.2,101681.47,0.02,103735.85,-2054.38
2024-11-07,S002,North,Sports,Helmet,59.0,858.51,35962.98,0.29,50505.2,-14542.22
2024-10-03,S008,Central,Clothing,Dress,51.0,396.37,13341.81,0.34,20146.14,-6804.33
2023-08-07,S020,Central,Home & Garden,Cushion,3.0,1010.47,2212.93,0.27,3023.23,-810.3
2024-11-26,S018,Central,Beauty,Face Cream,192.0,1339.15,221120.45,0.14,256756.84,-35636.39
2023-07-03,S020,Central,Books,Fiction Novel,166.0,79.04,8922.04,0.32,13078.65,-4156.61
2023-10-29,S013,North,Electronics,Headphones,31.0,1147.58,34863.48,0.02,35567.87,-704.39
2024-12-24,S009,North,Groceries,Sugar,146.0,1350.71,169595.15,0.14,196927.57,-27332.42
2023-11-12,S008,Central,Groceries,Rice 5kg,52.0,894.28,31156.72,0.33,46349.1,-15192.38
2024-10-08,S017,Central,Electronics,Headphones,43.0,546.35,14330.76,0.39,23401.43,-9070.67
2024-08-05,S001,North,Electronics,Tablet,61.0,747.18,40564.4,0.11,45527.84,-4963.44
2023-10-25,S012,North,Home & Garden,Rug,84.0,1413.7,103313.2,0.13,118596.42,-15283.22
2024-05-09,S009,North,Clothing,Jacket,105.0,1253.95,113231.68,0.14,131480.42,-18248.74
2024-09-09,S001,North,Clothing,Dress,42.0,649.25,21542.12,0.21,27211.24,-5669.12
2024-07-10,S010,Central,Beauty,Lipstick,90.0,165.18,12487.61,0.16,14842.41,-2354.8
2024-07-16,S016,South,Groceries,Rice 5kg,93.0,10.7,955.3,0.04,994.7,-39.4
2023-03-23,S002,North,Sports,Yoga Mat,142.0,349.54,44671.21,0.1,49585.05,-4913.84
2024-03-23,S008,Central,Sports,Yoga Mat,100.0,1287.37,108139.08,0.16,128531.02,-20391.94
2023-05-15,S010,Central,Groceries,Cooking Oil,59.0,427.45,15131.73,0.4,25118.67,-9986.94
2023-06-01,S005,South,Books,Textbook,59.0,734.17,36385.47,0.16,43246.72,-6861.25
2024-04-16,S016,South,Toys,Doll,136.0,1253.16,121005.13,0.29,169935.51,-48930.38
2024-07-11,S002,North,Electronics,Laptop,196.0,161.81,27591.84,0.13,31673.53,-4081.69
2023-11-14,S016,South,Home & Garden,Curtains,191.0,985.21,124195.57,0.34,187535.31,-63339.74
2024-01-05,S010,Central,Electronics,Laptop,84.0,743.1,53057.34,0.15,62326.77,-9269.43
2023-05-15,S008,Central,Sports,Helmet,21.0,912.08,12258.36,0.36,19084.73,-6826.37
2023-04-05,S010,Central,Books,Textbook,153.0,1428.49,214187.79,0.02,218515.26,-4327.47
2024-01-15,S012,North,Beauty,Perfume,151.0,1315.89,176842.46,0.11,198480.82,-21638.36
2023-03-29,S012,North,Books,Self-Help,143.0,372.62,52751.81,0.01,53279.33,-527.52
2023-12-30,S007,North,Clothing,Dress,70.0,1402.55,63816.03,0.35,97834.88,-34018.85
2023-12-17,S018,Central,Sports,Running Shoes,99.0,1000.29,71300.67,0.28,98751.43,-27450.76
2023-09-18,S020,Central,Home & Garden,Plant Pot,31.0,1395.67,36343.25,0.16,43196.54,-6853.29
2024-11-04,S014,North,Home & Garden,Cushion,85.0,1131.81,62532.5,0.35,95867.14,-33334.64
2023-12-17,S006,South,Electronics,Headphones,177.0,706.82,101336.78,0.19,124869.44,-23532.66
2023-10-06,S010,Central,Groceries,Coffee,49.0,875.93,39057.72,0.09,42881.94,-3824.22
2023-04-16,S015,South,Sports,Helmet,123.0,868.21,106789.83,0.0,106789.83,0.0
2024-06-18,S007,North,Groceries,Sugar,123.0,1020.52,100419.17,0.2,125272.91,-24853.74
2024-07-25,S020,Central,Sports,Helmet,148.0,664.92,72822.04,0.26,98152.3,-25330.26
2024-09-19,S007,North,Electronics,Smartwatch,91.0,1184.28,92681.75,0.14,107618.6,-14936.85
2024-02-10,S006,South,Groceries,Coffee,170.0,239.91,25286.51,0.38,40629.72,-15343.21
2023-04-20,S004,South,Clothing,Dress,158.0,14.9,1553.77,0.34,2346.2,-792.43
2023-09-06,S013,North,Clothing,Dress,151.0,718.81,95515.47,0.12,108410.06,-12894.59
2023-01-05,S020,Central,Groceries,Cooking Oil,47.0,1429.12,63810.21,0.05,67135.06,-3324.85
2024-08-04,S009,North,Beauty,Shampoo,102.0,213.38,14147.09,0.35,21688.58,-7541.49
2024-04-04,S008,Central,Electronics,Tablet,192.0,665.68,77964.44,0.39,127312.1,-49347.66
2023-09-14,S013,North,Books,Comic,138.0,1465.55,171909.01,0.15,201942.53,-30033.52
2024-06-01,S012,North,Books,Comic,119.0,169.38,18342.16,0.09,20138.08,-1795.92
2024-03-11,S001,North,Home & Garden,Curtains,153.0,1409.81,144519.62,0.33,214989.12,-70469.5
2023-06-07,S006,South,Groceries,Coffee,167.0,359.1,43178.18,0.28,59801.78,-16623.6
2023-08-17,S006,South,Beauty,Face Cream,114.0,1421.17,111789.23,0.31,161511.14,-49721.91
2023-08-10,S019,North,Electronics,Smartwatch,31.0,1482.71,45044.73,0.02,45954.82,-910.09
2023-07-04,S015,South,Clothing,T-Shirt,104.0,797.52,69671.35,0.16,82809.37,-13138.02
2024-06-01,S009,North,Toys,LEGO Set,152.0,920.63,106351.18,0.24,139599.91,-33248.73
2024-12-03,S010,Central,Sports,Running Shoes,170.0,74.32,9096.77,0.28,12599.02,-3502.25
2024-09-18,S002,North,Toys,LEGO Set,182.0,1362.3,230582.9,0.07,247765.04,-17182.14
2023-11-22,S007,North,Home & Garden,Curtains,135.0,597.41,52422.73,0.35,80368.07,-27945.34
2023-01-28,S018,Central,Electronics,Smartphone,61.0,1378.01,65565.72,0.22,83873.68,-18307.96
2023-05-31,S013,North,Books,Cookbook,174.0,224.19,28866.7,0.26,38907.64,-10040.94
2024-08-30,S006,South,Beauty,Sunscreen,88.0,239.82,19415.83,0.08,21087.28,-1671.45
2024-02-26,S017,Central,Groceries,Cooking Oil,168.0,1097.85,127262.77,0.31,183867.04,-56604.27
2023-12-03,S009,North,Clothing,T-Shirt,47.0,419.57,14001.05,0.29,19662.6,-5661.55
2023-04-05,S017,Central,Clothing,T-Shirt,149.0,1207.33,134919.13,0.25,179442.44,-44523.31
2023-02-10,S014,North,Groceries,Coffee,98.0,1452.56,118151.23,0.17,142108.88,-23957.65
2024-07-15,S008,Central,Sports,Bottle,137.0,427.18,39210.85,0.33,58330.53,-19119.68
2023-09-26,S005,South,Clothing,Jacket,102.0,1036.12,95115.82,0.1,105578.56,-10462.74
2024-07-08,S017,Central,Electronics,Smartwatch,71.0,972.61,54553.69,0.21,68910.29,-14356.6
2024-09-16,S001,North,Beauty,Lipstick,22.0,1001.12,14095.77,0.36,21945.35,-7849.58
2024-08-16,S009,North,Books,Cookbook,124.0,545.31,58151.86,0.14,67523.77,-9371.91
2024-06-12,S011,West,Electronics,Laptop,50.0,1352.29,42597.14,0.37,67364.33,-24767.19
2024-08-31,S004,South,Books,Cookbook,95.0,1310.26,74684.82,0.4,123976.8,-49291.98
2024-08-01,S014,North,Beauty,Shampoo,138.0,1090.85,124945.96,0.17,150281.39,-25335.43
2023-03-03,S007,North,Books,Self-Help,20.0,641.07,9231.41,0.28,12785.5,-3554.09
2023-07-27,S003,East,Groceries,Flour,59.0,1075.82,38718.76,0.39,63225.83,-24507.07
2024-08-26,S019,North,Beauty,Perfume,198.0,344.93,56002.83,0.18,68173.21,-12170.38
2024-06-25,S014,North,Home & Garden,Plant Pot,56.0,1225.26,52147.07,0.24,68449.89,-16302.82
2024-01-25,S012,North,Books,Cookbook,130.0,1033.91,120967.47,0.1,134273.89,-13306.42
2024-07-28,S012,North,Clothing,Sneakers,46.0,1149.61,33844.52,0.36,52691.68,-18847.16
2024-09-01,S011,West,Groceries,Sugar,104.0,1209.06,93049.26,0.26,125415.31,-32366.05
2024-03-28,S016,South,Beauty,Shampoo,67.0,701.88,28685.84,0.39,46842.56,-18156.72
2023-12-11,S004,South,Books,Cookbook,160.0,510.0,50592.0,0.38,81289.92,-30697.92
2024-08-23,S018,Central,Home & Garden,Curtains,93.0,681.3,44986.24,0.29,63177.15,-18190.91
2023-05-16,S001,North,Beauty,Face Cream,149.0,183.25,18839.93,0.31,27219.61,-8379.68
2023-04-25,S019,North,Toys,Action Figure,198.0,207.0,25001.46,0.39,40826.15,-15824.69
2024-09-23,S010,Central,Home & Garden,Lamp,95.0,944.44,69983.0,0.22,89524.41,-19541.41
2023-06-27,S012,North,Clothing,Sneakers,169.0,642.12,87899.81,0.19,108312.1,-20412.29
2024-02-28,S010,Central,Electronics,Smartphone,84.0,629.44,38597.26,0.27,52730.2,-14132.94
2024-05-12,S019,North,Toys,LEGO Set,10.0,688.63,5371.31,0.22,6871.15,-1499.84
2023-02-17,S010,Central,Toys,Action Figure,59.0,1432.41,73525.61,0.13,84402.32,-10876.71
2024-11-17,S017,Central,Home & Garden,Cushion,195.0,923.7,140494.77,0.22,179725.23,-39230.46
2024-01-05,S017,Central,Beauty,Shampoo,137.0,1326.81,112699.24,0.38,181082.23,-68382.99
2023-08-25,S011,West,Sports,Helmet,160.0,1065.25,158509.2,0.07,170320.69,-11811.49
2023-02-10,S005,South,Groceries,Flour,68.0,236.52,12062.52,0.25,16043.15,-3980.63
2023-08-03,S004,South,Beauty,Sunscreen,92.0,1125.78,90107.43,0.13,103437.12,-13329.69
2023-11-07,S020,Central,Clothing,T-Shirt,170.0,1128.66,132391.82,0.31,191277.4,-58885.58
2024-05-06,S019,North,Groceries,Coffee,157.0,574.03,81110.44,0.1,90032.59,-8922.15
2024-06-16,S019,North,Groceries,Sugar,137.0,718.32,73807.38,0.25,98163.82,-24356.44
2024-10-19,S008,Central,Beauty,Lipstick,31.0,93.75,2906.25,0.0,2906.25,0.0
2023-06-04,S016,South,Home & Garden,Rug,177.0,1282.47,197487.56,0.13,226702.09,-29214.53
2023-06-03,S005,South,Beauty,Face Cream,96.0,912.55,70083.84,0.2,87429.59,-17345.75
2023-05-13,S009,North,Clothing,Dress,96.0,611.26,47531.58,0.19,58569.47,-11037.89
2023-04-11,S002,North,Books,Cookbook,168.0,1178.03,128640.88,0.35,197216.36,-68575.48
2023-08-08,S011,West,Clothing,Jacket,176.0,73.48,12156.53,0.06,12924.72,-768.19
2023-04-16,S020,Central,Toys,Puzzle,119.0,835.63,64635.98,0.35,99091.93,-34455.95
2024-11-10,S015,South,Home & Garden,Rug,2.0,128.8,218.96,0.15,257.21,-38.25
2024-05-13,S019,North,Sports,Bottle,25.0,661.11,11899.98,0.28,16481.47,-4581.49
2024-03-14,S015,South,Sports,Bottle,199.0,1196.19,218998.47,0.08,237851.38,-18852.91
2024-11-10,S016,South,Electronics,Headphones,5.0,1330.07,4788.25,0.28,6631.73,-1843.48
2023-06-20,S020,Central,Books,Fiction Novel,198.0,563.92,68110.26,0.39,111220.7,-43110.44
2023-09-08,S003,East,Sports,Bottle,124.0,222.08,19551.92,0.29,27458.06,-7906.14
2023-01-12,S003,East,Beauty,Perfume,198.0,1038.39,156256.93,0.24,205107.78,-48850.85
2024-09-24,S018,Central,Books,Fiction Novel,149.0,486.63,61631.69,0.15,72399.11,-10767.42
2023-03-02,S012,North,Beauty,Face Cream,192.0,338.8,55292.16,0.15,64952.03,-9659.87
2023-02-18,S015,South,Toys,LEGO Set,74.0,128.22,7875.27,0.17,9472.15,-1596.88
2024-07-09,S020,Central,Clothing,Jacket,8.0,195.37,1203.48,0.23,1559.37,-355.89
2023-02-22,S016,South,Toys,Puzzle,81.0,739.39,40725.6,0.32,59698.94,-18973.34
2024-12-15,S013,North,Home & Garden,Rug,134.0,962.63,83845.07,0.35,128540.95,-44695.88
2023-06-03,S017,Central,Groceries,Coffee,198.0,1391.92,212212.12,0.23,274966.28,-62754.16
2023-03-22,S015,South,Sports,Bottle,7.0,1455.91,7439.7,0.27,10163.85,-2724.15
2023-05-20,S012,North,Beauty,Sunscreen,147.0,1243.23,116963.08,0.36,182096.89,-65133.81
2023-06-09,S008,Central,Home & Garden,Lamp,45.0,823.03,28517.99,0.23,36951.17,-8433.18
2023-06-05,S001,North,Clothing,T-Shirt,51.0,53.41,2587.71,0.05,2722.55,-134.84
2024-01-11,S003,East,Groceries,Coffee,29.0,188.91,3506.17,0.36,5458.67,-1952.5
2024-07-20,S019,North,Clothing,Jacket,43.0,940.06,25870.45,0.36,40277.06,-14406.61
2024-02-19,S018,Central,Books,Comic,171.0,754.87,118756.15,0.08,128979.5,-10223.35
2024-12-03,S005,South,Groceries,Sugar,139.0,559.58,56780.58,0.27,77571.61,-20791.03
2023-09-04,S010,Central,Books,Textbook,160.0,1445.32,148000.77,0.36,230418.7,-82417.93
2024-11-30,S008,Central,Beauty,Sunscreen,63.0,1376.27,55491.21,0.36,86392.87,-30901.66
2024-04-09,S009,North,Groceries,Cooking Oil,127.0,1188.05,140320.59,0.07,150776.73,-10456.14
2023-04-01,S019,North,Beauty,Shampoo,3.0,171.72,381.22,0.26,513.82,-132.6
2024-05-22,S009,North,Groceries,Sugar,119.0,1489.48,166613.23,0.06,177141.77,-10528.54
2023-03-14,S015,South,Toys,Doll,81.0,474.24,29194.21,0.24,38321.25,-9127.04
2023-02-12,S020,Central,Toys,Action Figure,101.0,919.2,64987.44,0.3,92560.68,-27573.24
2024-02-14,S018,Central,Books,Cookbook,47.0,229.3,7112.89,0.34,10740.46,-3627.57
2023-07-29,S012,North,Home & Garden,Lamp,92.0,574.27,49662.87,0.06,52801.14,-3138.27
2024-03-29,S008,Central,Home & Garden,Lamp,157.0,1366.23,150148.68,0.3,213854.62,-63705.94
2024-04-14,S006,South,Books,Cookbook,12.0,262.48,2740.29,0.13,3145.67,-405.38
2023-10-24,S001,North,Sports,Yoga Mat,46.0,1196.84,52852.45,0.04,55032.62,-2180.17
2023-09-07,S016,South,Toys,Doll,108.0,1205.2,85906.66,0.34,129719.05,-43812.39
2024-09-25,S019,North,Toys,Puzzle,8.0,795.97,4775.82,0.25,6351.84,-1576.02
2023-08-27,S007,North,Sports,Yoga Mat,115.0,1119.79,94006.37,0.27,128428.16,-34421.79
2024-03-26,S007,North,Groceries,Flour,36.0,903.09,26984.33,0.17,32455.97,-5471.64
2023-03-08,S014,North,Groceries,Sugar,159.0,1299.73,192191.08,0.07,206512.41,-14321.33
2023-10-08,S011,West,Toys,Doll,178.0,606.17,88476.57,0.18,107704.04,-19227.47
2024-01-03,S002,North,Home & Garden,Lamp,176.0,1425.89,225860.98,0.1,250705.68,-24844.7
2024-06-19,S009,North,Home & Garden,Lamp,56.0,953.71,37385.43,0.3,53247.54,-15862.11
2024-04-25,S010,Central,Groceries,Sugar,154.0,1184.21,120363.1,0.34,181748.29,-61385.19
2023-11-10,S009,North,Groceries,Coffee,74.0,298.84,19018.18,0.14,22083.2,-3065.02
2023-06-06,S010,Central,Beauty,Lipstick,6.0,952.14,4456.02,0.22,5700.27,-1244.25
2023-09-15,S016,South,Groceries,Rice 5kg,67.0,1489.27,75833.63,0.24,99541.62,-23707.99
2023-11-05,S009,North,Beauty,Lipstick,91.0,36.48,2622.55,0.21,3312.71,-690.16
2023-11-10,S001,North,Electronics,Smartwatch,170.0,467.76,68386.51,0.14,79407.87,-11021.36
2024-05-14,S018,Central,Beauty,Shampoo,32.0,1457.07,40564.83,0.13,46565.63,-6000.8
2024-10-09,S007,North,Beauty,Shampoo,141.0,185.22,25854.86,0.01,26113.41,-258.55
2023-11-11,S004,South,Groceries,Coffee,191.0,238.37,30959.5,0.32,45382.98,-14423.48
2023-02-18,S016,South,Beauty,Face Cream,13.0,431.16,4259.86,0.24,5591.63,-1331.77
2023-02-03,S014,North,Beauty,Perfume,19.0,1175.65,13849.16,0.38,22252.47,-8403.31
2023-03-31,S001,North,Toys,Board Game,99.0,1167.12,73948.72,0.36,115128.92,-41180.2
2023-11-17,S018,Central,Electronics,Laptop,191.0,380.75,54542.44,0.25,72541.44,-17999.0
2023-10-20,S001,North,Groceries,Coffee,52.0,1498.01,64654.11,0.17,77764.1,-13109.99
2024-10-20,S020,Central,Sports,Running Shoes,183.0,144.26,21911.65,0.17,26354.7,-4443.05
2024-05-23,S003,East,Beauty,Perfume,191.0,571.46,101508.44,0.07,109072.46,-7564.02
2023-01-24,S006,South,Books,Textbook,166.0,1231.49,157409.05,0.23,203957.16,-46548.11
2024-01-25,S018,Central,Groceries,Sugar,37.0,371.63,10312.73,0.25,13715.93,-3403.2
2023-03-14,S008,Central,Books,Cookbook,49.0,602.01,25663.69,0.13,29460.14,-3796.45
2023-11-04,S017,Central,Toys,Puzzle,107.0,934.36,62985.21,0.37,99606.61,-36621.4
2024-07-25,S016,South,Electronics,Smartwatch,44.0,66.33,2130.52,0.27,2910.64,-780.12
2024-10-18,S004,South,Books,Cookbook,27.0,48.79,1290.98,0.02,1317.07,-26.09
2023-10-04,S004,South,Electronics,Laptop,52.0,151.38,4880.49,0.38,7841.85,-2961.36
2023-08-16,S009,North,Toys,Doll,200.0,1092.13,163819.5,0.25,217879.94,-54060.44
2023-03-27,S017,Central,Books,Fiction Novel,162.0,1445.4,147517.52,0.37,233288.43,-85770.91
2023-10-30,S003,East,Sports,Running Shoes,57.0,10.67,407.49,0.33,606.18,-198.69
2024-10-04,S004,South,Toys,LEGO Set,72.0,335.78,22000.31,0.09,24154.4,-2154.09
2023-01-05,S003,East,Electronics,Headphones,150.0,1352.48,123751.92,0.39,202080.8,-78328.88
2024-10-28,S014,North,Home & Garden,Lamp,91.0,478.24,32639.88,0.25,43411.04,-10771.16
2024-08-15,S015,South,Toys,Board Game,123.0,362.87,29011.46,0.35,44476.79,-15465.33
2023-03-07,S004,South,Clothing,Dress,153.0,1199.77,167043.98,0.09,183399.6,-16355.62
2023-09-24,S005,South,Sports,Helmet,26.0,224.03,3669.61,0.37,5803.23,-2133.62
2024-06-18,S004,South,Home & Garden,Curtains,60.0,286.97,10847.47,0.37,17154.49,-6307.02
2024-03-29,S005,South,Home & Garden,Rug,97.0,1095.77,73339.89,0.31,105960.19,-32620.3
2023-04-09,S019,North,Sports,Running Shoes,164.0,108.64,14609.91,0.18,17784.89,-3174.98
2023-06-05,S007,North,Books,Cookbook,97.0,1287.44,76177.82,0.39,124394.64,-48216.82
2024-09-21,S008,Central,Books,Textbook,164.0,305.61,39594.83,0.21,50014.79,-10419.96
2023-11-10,S012,North,Beauty,Perfume,20.0,905.65,17207.35,0.05,18103.94,-896.59
2024-04-02,S017,Central,Sports,Yoga Mat,79.0,161.6,11234.43,0.12,12751.08,-1516.65
2023-02-10,S003,East,Sports,Bottle,47.0,1153.9,37420.98,0.31,54065.18,-16644.2
2023-11-10,S018,Central,Books,Fiction Novel,189.0,369.24,46756.86,0.33,69556.07,-22799.21
