,date,store_id,store_region,product_category,product_name,units_sold,unit_price,total_revenue,discount_pct
0,2024-06-20,S006,South,Books,Self-Help,113.0,164.84,15460.34,0.17
1,2023-12-05,S004,South,Electronics,Smartwatch,22.0,1482.34,24458.61,0.25
2,2024-11-09,S020,Central,Books,Textbook,85.0,754.37,44885.01,0.3
3,2023-06-28,S002,North,Sports,Running Shoes,174.0,472.5,57550.5,0.3
4,2023-07-24,S002,North,Groceries,Sugar,142.0,1221.18,109246.76,0.37
5,2024-11-30,S002,North,Toys,LEGO Set,13.0,728.63,9282.75,0.02
6,2023-07-22,S004,South,Sports,Bottle,35.0,754.89,20080.07,0.24
7,2024-10-02,S014,North,Clothing,Jacket,3.0,1450.58,4090.64,0.06
8,2024-01-11,S019,North,Toys,Doll,107.0,661.37,58736.27,0.17
9,2023-10-08,S001,North,Home & Garden,Plant Pot,170.0,1076.43,161033.93,0.12
10,2024-08-17,S009,North,Books,Self-Help,180.0,1065.8,172659.6,0.1
11,2023-01-24,S010,Central,Toys,Action Figure,160.0,1192.69,125948.06,0.34
12,2024-11-05,S018,Central,Books,Self-Help,18.0,232.2,4096.01,0.02
13,2024-10-17,S003,East,Electronics,Tablet,191.0,1382.68,174300.64,0.34
14,2024-02-27,S008,Central,Home & Garden,Plant Pot,17.0,269.73,2842.95,0.38
15,2024-02-24,S012,North,Electronics,Smartphone,144.0,1256.67,133910.76,0.26
16,2023-01-10,S003,East,Clothing,Jacket,195.0,1367.91,165380.32,0.38
17,2024-08-29,S003,East,Books,Fiction Novel,78.0,1365.54,83079.45,0.22
18,2024-02-02,S002,North,Groceries,Sugar,75.0,1234.88,92616.0,0.0
19,2024-05-22,S004,South,Clothing,Jeans,64.0,510.5,26464.32,0.19
20,2023-07-09,S014,North,Beauty,Perfume,45.0,246.66,8102.78,0.27
21,2023-06-30,S014,North,Sports,Bottle,168.0,1106.3,124525.13,0.33
22,2023-03-30,S017,Central,Sports,Yoga Mat,78.0,26.88,1761.18,0.16
23,2023-09-10,S018,Central,Sports,Bottle,200.0,348.71,48121.98,0.31
24,2024-10-13,S006,South,Toys,LEGO Set,34.0,688.5,21770.37,0.07
25,2023-03-08,S017,Central,Beauty,Face Cream,173.0,1335.71,157132.92,0.32
26,2023-12-24,S014,North,Toys,Puzzle,7.0,1036.93,6169.73,0.15
27,2024-12-29,S003,East,Beauty,Sunscreen,113.0,1347.13,135480.86,0.11
28,2024-09-08,S010,Central,Beauty,Lipstick,58.0,695.2,26209.04,0.35
29,2024-07-02,S019,North,Clothing,Jeans,88.0,114.52,6953.65,0.31
30,2024-01-26,S006,South,Electronics,Smartwatch,101.0,376.23,28879.41,0.24
31,2023-01-19,S004,South,Groceries,Rice 5kg,56.0,549.54,19387.77,0.37
32,2024-04-28,S006,South,Toys,Action Figure,88.0,1127.22,80348.24,0.19
33,2024-02-05,S007,North,Home & Garden,Lamp,55.0,566.75,28677.55,0.08
34,2024-12-23,S014,North,Books,Cookbook,84.0,350.37,18835.89,0.36
35,2023-08-30,S005,South,Groceries,Sugar,115.0,1495.01,140979.44,0.18
36,2024-08-02,S003,East,Clothing,Sneakers,176.0,406.93,70187.29,0.02
37,2024-12-29,S010,Central,Home & Garden,Plant Pot,164.0,901.66,141957.35,0.04
38,2023-05-26,S014,North,Clothing,Sneakers,71.0,1277.27,78896.97,0.13
39,2024-02-21,S011,West,Clothing,Jacket,1.0,1357.55,1167.49,0.14
40,2024-05-16,S010,Central,Sports,Running Shoes,28.0,521.58,12413.6,0.15
41,2023-05-22,S011,West,Toys,Action Figure,6.0,1113.84,5680.58,0.15
42,2024-02-02,S015,South,Electronics,Smartphone,160.0,1301.47,131188.18,0.37
43,2023-10-30,S005,South,Groceries,Coffee,56.0,88.47,4805.69,0.03
44,2024-02-08,S003,East,Electronics,Tablet,170.0,1446.51,223775.1,0.09
45,2024-01-30,S009,North,Sports,Running Shoes,1.0,357.97,261.32,0.27
46,2023-07-15,S005,South,Clothing,Dress,6.0,316.94,1521.31,0.2
47,2024-09-09,S004,South,Books,Cookbook,179.0,1140.29,193906.31,0.05
48,2023-07-10,S013,North,Books,Fiction Novel,26.0,649.05,15525.28,0.08
49,2023-12-10,S007,North,Toys,LEGO Set,66.0,675.71,31217.8,0.3
50,2023-07-14,S008,Central,Groceries,Rice 5kg,177.0,532.58,76355.99,0.19
51,2023-08-10,S004,South,Electronics,Smartwatch,14.0,1098.87,12307.34,0.2
52,2023-03-27,S019,North,Groceries,Sugar,168.0,566.2,81804.58,0.14
53,2024-04-01,S008,Central,Electronics,Smartphone,128.0,770.3,73948.8,0.25
54,2024-03-19,S015,South,Groceries,Rice 5kg,12.0,162.35,1480.63,0.24
55,2024-11-13,S016,South,Clothing,Sneakers,146.0,580.29,74555.66,0.12
56,2024-10-17,S017,Central,Toys,Action Figure,121.0,1331.6,127287.64,0.21
57,2024-06-15,S011,West,Beauty,Perfume,13.0,370.07,2982.76,0.38
58,2024-03-11,S013,North,Electronics,Smartwatch,21.0,884.55,14117.42,0.24
59,2023-11-21,S001,North,Sports,Dumbbell,146.0,88.23,11722.24,0.09
60,2024-09-25,S019,North,Toys,Board Game,184.0,96.94,14269.57,0.2
61,2024-12-02,S014,North,Beauty,Face Cream,110.0,870.68,83324.08,0.13
62,2023-09-01,S020,Central,Groceries,Cooking Oil,47.0,792.08,35366.37,0.05
63,2023-03-29,S019,North,Electronics,Tablet,68.0,1494.69,85376.69,0.16
64,2024-07-27,S016,South,Electronics,Smartphone,185.0,965.51,175046.96,0.02
65,2023-10-20,S015,South,Groceries,Flour,76.0,921.64,68643.75,0.02
66,2023-06-08,S003,East,Sports,Dumbbell,188.0,299.11,43299.16,0.23
67,2024-10-21,S019,North,Home & Garden,Plant Pot,57.0,25.69,951.81,0.35
68,2023-08-28,S007,North,Toys,Action Figure,96.0,1100.36,98240.14,0.07
69,2024-08-04,S004,South,Toys,Board Game,188.0,392.38,63440.0,0.14
70,2023-09-11,S003,East,Sports,Yoga Mat,137.0,169.44,18106.36,0.22
71,2024-05-01,S003,East,Clothing,Dress,13.0,1004.1,11617.44,0.11
72,2023-10-14,S017,Central,Clothing,Jeans,71.0,357.14,17749.86,0.3
73,2024-10-07,S009,North,Home & Garden,Plant Pot,58.0,992.46,48928.28,0.15
74,2024-03-14,S011,West,Toys,Action Figure,98.0,580.98,34730.98,0.39
75,2024-08-12,S001,North,Home & Garden,Lamp,163.0,42.67,5981.48,0.14
76,2024-10-27,S008,Central,Toys,Board Game,7.0,1482.4,6537.38,0.37
77,2023-07-24,S015,South,Home & Garden,Plant Pot,32.0,73.33,1924.18,0.18
78,2023-06-30,S018,Central,Beauty,Shampoo,6.0,554.16,2427.22,0.27
79,2024-06-20,S019,North,Toys,LEGO Set,9.0,1008.69,8896.65,0.02
80,2023-08-09,S002,North,Beauty,Face Cream,186.0,439.71,53160.94,0.35
81,2023-02-13,S013,North,Clothing,Dress,59.0,311.17,11566.19,0.37
82,2023-11-15,S003,East,Sports,Helmet,14.0,978.84,9866.71,0.28
83,2024-08-11,S015,South,Clothing,Jeans,159.0,456.37,57324.64,0.21
84,2024-07-09,S004,South,Electronics,Headphones,136.0,20.75,2822.0,0.0
85,2024-06-27,S011,West,Groceries,Flour,52.0,697.96,35568.04,0.02
86,2024-10-17,S007,North,Home & Garden,Cushion,92.0,1077.05,62425.82,0.37
87,2023-03-11,S002,North,Groceries,Sugar,66.0,325.47,16540.39,0.23
88,2023-01-25,S018,Central,Toys,Board Game,99.0,451.61,31296.57,0.3
89,2023-03-09,S017,Central,Clothing,Sneakers,101.0,974.26,90528.24,0.08
90,2023-12-31,S011,West,Electronics,Tablet,196.0,222.59,35774.66,0.18
91,2023-10-14,S014,North,Groceries,Flour,169.0,1146.29,154978.41,0.2
92,2024-03-20,S004,South,Electronics,Smartphone,110.0,503.44,52055.7,0.06
93,2024-07-26,S019,North,Clothing,Dress,14.0,753.7,8441.44,0.2
94,2024-07-22,S004,South,Toys,Action Figure,43.0,1272.9,38861.64,0.29
95,2023-09-21,S006,South,Toys,Puzzle,39.0,363.39,13888.77,0.02
96,2023-03-14,S003,East,Books,Fiction Novel,42.0,97.51,3972.56,0.03
97,2023-05-04,S008,Central,Toys,Doll,125.0,407.96,39776.1,0.22
98,2024-07-05,S020,Central,Clothing,Jeans,77.0,795.58,56358.89,0.08
99,2023-12-12,S012,North,Electronics,Laptop,53.0,1226.17,59788.05,0.08
100,2023-08-22,S013,North,Books,Comic,20.0,599.8,9716.76,0.19
101,2023-02-05,S012,North,Sports,Yoga Mat,86.0,1489.0,121651.3,0.05
102,2024-04-06,S011,West,Home & Garden,Plant Pot,191.0,60.84,8599.13,0.26
103,2024-02-24,S009,North,Clothing,Jacket,80.0,140.3,9091.44,0.19
104,2024-03-20,S008,Central,Sports,Helmet,6.0,1443.33,6581.58,0.24
105,2023-02-09,S007,North,Electronics,Smartphone,46.0,1335.78,43626.57,0.29
106,2023-07-22,S020,Central,Beauty,Sunscreen,197.0,579.91,102818.04,0.1
107,2023-01-25,S020,Central,Clothing,T-Shirt,153.0,986.63,101139.44,0.33
108,2023-01-31,S006,South,Beauty,Perfume,115.0,398.94,32573.45,0.29
109,2024-02-16,S011,West,Electronics,Tablet,55.0,690.87,36857.91,0.03
110,2023-08-11,S001,North,Electronics,Headphones,2.0,75.92,121.47,0.2
111,2023-04-22,S013,North,Home & Garden,Curtains,166.0,528.96,66733.59,0.24
112,2023-06-25,S004,South,Clothing,Dress,50.0,404.93,20044.03,0.01
113,2024-11-04,S006,South,Home & Garden,Rug,62.0,1276.8,74411.9,0.06
114,2024-09-03,S006,South,Books,Textbook,48.0,149.07,5008.75,0.3
115,2023-12-06,S014,North,Beauty,Perfume,21.0,355.23,6937.64,0.07
116,2023-07-15,S015,South,Toys,Puzzle,100.0,1037.8,103780.0,0.0
117,2024-07-23,S004,South,Groceries,Coffee,73.0,956.21,60030.86,0.14
118,2024-11-02,S009,North,Electronics,Laptop,41.0,563.84,18493.95,0.2
119,2024-06-16,S016,South,Books,Comic,189.0,252.04,38584.8,0.19
120,2023-03-03,S010,Central,Toys,LEGO Set,147.0,1203.96,162823.55,0.08
121,2023-12-03,S001,North,Electronics,Smartwatch,71.0,246.56,12779.2,0.27
122,2024-02-13,S001,North,Clothing,Sneakers,155.0,132.97,15457.76,0.25
123,2024-11-12,S008,Central,Books,Comic,141.0,177.11,23973.61,0.04
124,2024-10-16,S019,North,Electronics,Tablet,8.0,27.45,136.15,0.38
125,2024-05-06,S013,North,Sports,Helmet,143.0,1225.81,148997.21,0.15
126,2023-01-15,S014,North,Beauty,Face Cream,158.0,917.6,142081.18,0.02
127,2023-08-28,S006,South,Home & Garden,Curtains,40.0,370.81,10234.36,0.31
128,2024-11-15,S001,North,Home & Garden,Plant Pot,112.0,854.58,59342.04,0.38
129,2023-04-01,S018,Central,Clothing,Jeans,146.0,972.33,110728.94,0.22
130,2023-05-01,S006,South,Books,Comic,40.0,1336.39,42229.92,0.21
131,2023-01-31,S018,Central,Books,Textbook,171.0,704.58,83133.39,0.31
132,2023-04-09,S012,North,Electronics,Laptop,98.0,382.31,33719.74,0.1
133,2024-11-07,S005,South,Groceries,Flour,163.0,906.91,103478.43,0.3
134,2024-12-17,S011,West,Electronics,Smartphone,151.0,664.83,66256.96,0.34
135,2023-11-12,S009,North,Groceries,Flour,63.0,1047.41,52129.6,0.21
136,2023-03-13,S002,North,Clothing,Dress,194.0,1241.28,204687.07,0.15
137,2023-02-15,S012,North,Clothing,Dress,125.0,1416.68,143438.85,0.19
138,2024-04-04,S008,Central,Home & Garden,Rug,170.0,61.83,10300.88,0.02
139,2023-05-03,S008,Central,Groceries,Rice 5kg,60.0,1497.23,62883.66,0.3
140,2024-02-29,S006,South,Books,Fiction Novel,90.0,749.31,57322.21,0.15
141,2024-05-18,S015,South,Sports,Yoga Mat,163.0,746.86,109564.36,0.1
142,2024-12-02,S001,North,Books,Cookbook,168.0,622.91,79533.15,0.24
143,2023-11-24,S001,North,Beauty,Lipstick,85.0,862.67,68194.06,0.07
144,2024-04-21,S011,West,Sports,Running Shoes,15.0,558.35,8207.74,0.02
145,2023-07-10,S001,North,Sports,Bottle,115.0,846.41,69109.38,0.29
146,2024-03-17,S002,North,Beauty,Perfume,100.0,1482.89,123079.87,0.17
147,2024-06-14,S018,Central,Beauty,Perfume,109.0,1446.64,94610.26,0.4
148,2024-04-14,S007,North,Clothing,Jacket,168.0,866.42,123724.78,0.15
149,2024-09-13,S005,South,Books,Self-Help,162.0,1470.76,169166.82,0.29
150,2023-01-05,S017,Central,Clothing,Jeans,99.0,226.03,20363.04,0.09
151,2024-10-06,S011,West,Beauty,Sunscreen,167.0,1290.05,202512.05,0.06
152,2024-11-28,S008,Central,Clothing,Dress,154.0,1452.24,212462.71,0.05
153,2024-04-04,S005,South,Beauty,Shampoo,70.0,88.38,4763.68,0.23
154,2024-04-20,S020,Central,Toys,LEGO Set,83.0,125.87,6790.69,0.35
155,2024-06-08,S013,North,Electronics,Laptop,178.0,1075.94,155129.03,0.19
156,2023-04-17,S010,Central,Electronics,Headphones,16.0,839.74,13301.48,0.01
157,2023-03-17,S010,Central,Electronics,Laptop,176.0,430.95,64470.12,0.15
158,2023-08-29,S008,Central,Home & Garden,Cushion,120.0,1159.63,100192.03,0.28
159,2024-03-25,S003,East,Electronics,Headphones,76.0,930.26,43126.85,0.39
160,2024-12-11,S017,Central,Books,Comic,156.0,999.86,93586.9,0.4
161,2024-08-08,S018,Central,Beauty,Lipstick,6.0,529.36,2826.78,0.11
162,2023-11-04,S006,South,Books,Fiction Novel,146.0,884.1,120043.1,0.07
163,2024-02-09,S003,East,Sports,Bottle,43.0,372.3,14568.1,0.09
164,2024-01-02,S016,South,Sports,Dumbbell,48.0,158.02,4930.22,0.35
165,2024-03-01,S007,North,Clothing,Jeans,182.0,400.78,55435.89,0.24
166,2023-06-26,S018,Central,Electronics,Smartwatch,89.0,1169.7,69749.21,0.33
167,2024-02-15,S001,North,Clothing,Jeans,132.0,474.12,43808.69,0.3
168,2023-03-18,S006,South,Books,Cookbook,122.0,793.29,91942.31,0.05
169,2024-04-26,S018,Central,Beauty,Face Cream,38.0,1380.52,41443.21,0.21
170,2023-02-21,S005,South,Home & Garden,Cushion,35.0,1149.25,32983.48,0.18
171,2024-05-07,S002,North,Clothing,Sneakers,184.0,1355.83,194588.72,0.22
172,2024-12-25,S014,North,Beauty,Lipstick,122.0,231.58,18646.82,0.34
173,2024-04-27,S016,South,Clothing,Sneakers,23.0,91.19,1740.82,0.17
174,2023-02-02,S011,West,Toys,Action Figure,17.0,320.42,3377.23,0.38
175,2024-09-01,S011,West,Sports,Running Shoes,164.0,755.68,110299.05,0.11
176,2024-07-23,S009,North,Groceries,Coffee,122.0,1282.49,154899.14,0.01
177,2023-10-15,S003,East,Home & Garden,Lamp,4.0,177.77,654.19,0.08
178,2023-01-14,S017,Central,Clothing,Jeans,137.0,955.52,113888.43,0.13
179,2023-07-18,S007,North,Sports,Helmet,37.0,263.34,6333.33,0.35
180,2023-05-24,S014,North,Clothing,Jacket,147.0,1287.66,128714.49,0.32
181,2024-01-02,S020,Central,Sports,Yoga Mat,1.0,413.01,404.75,0.02
182,2024-09-05,S002,North,Electronics,Smartphone,78.0,1418.26,76330.75,0.31
183,2024-07-07,S008,Central,Clothing,Sneakers,41.0,1100.01,41492.38,0.08
184,2023-11-21,S003,East,Beauty,Sunscreen,140.0,303.58,34000.96,0.2
185,2024-07-17,S002,North,Beauty,Face Cream,81.0,382.34,29421.06,0.05
186,2023-08-02,S008,Central,Beauty,Lipstick,146.0,1124.73,134652.68,0.18
187,2024-04-11,S012,North,Groceries,Rice 5kg,93.0,862.54,50536.22,0.37
188,2023-01-24,S012,North,Groceries,Flour,9.0,282.67,2060.66,0.19
189,2023-06-26,S017,Central,Sports,Running Shoes,80.0,1300.02,76961.18,0.26
190,2024-07-15,S002,North,Groceries,Flour,1.0,257.04,192.78,0.25
191,2024-12-05,S008,Central,Beauty,Face Cream,47.0,636.39,24526.47,0.18
192,2023-02-28,S013,North,Sports,Helmet,103.0,709.42,70147.45,0.04
193,2024-06-30,S020,Central,Home & Garden,Lamp,145.0,237.77,31718.52,0.08
194,2024-05-27,S003,East,Books,Cookbook,120.0,806.86,96823.2,0.0
195,2024-08-21,S011,West,Sports,Yoga Mat,116.0,1273.28,97482.32,0.34
196,2024-01-15,S017,Central,Clothing,Jeans,38.0,408.51,9779.73,0.37
197,2024-08-30,S001,North,Electronics,Headphones,54.0,602.16,20485.48,0.37
198,2023-05-26,S012,North,Sports,Dumbbell,176.0,609.84,100891.93,0.06
199,2024-09-01,S018,Central,Beauty,Perfume,198.0,1320.65,196116.53,0.25
200,2024-08-03,S006,South,Groceries,Flour,180.0,66.5,7780.5,0.35
201,2024-08-04,S014,North,Home & Garden,Plant Pot,178.0,1189.78,137657.55,0.35
202,2024-12-08,S017,Central,Home & Garden,Lamp,65.0,310.21,12501.46,0.38
203,2023-03-15,S012,North,Groceries,Rice 5kg,106.0,1418.04,106721.69,0.29
204,2024-01-06,S020,Central,Beauty,Sunscreen,91.0,777.09,65765.13,0.07
205,2024-04-11,S003,East,Beauty,Sunscreen,182.0,787.77,123301.76,0.14
206,2023-11-15,S019,North,Groceries,Cooking Oil,109.0,673.58,45520.54,0.38
207,2024-08-24,S019,North,Electronics,Headphones,33.0,900.62,18129.48,0.39
208,2024-07-05,S008,Central,Sports,Bottle,112.0,1173.03,99848.31,0.24
209,2024-06-02,S010,Central,Electronics,Smartwatch,29.0,34.4,688.34,0.31
210,2024-01-18,S019,North,Clothing,Jacket,40.0,48.17,1579.98,0.18
211,2024-03-02,S005,South,Home & Garden,Cushion,157.0,370.97,41934.45,0.28
212,2024-01-31,S005,South,Books,Self-Help,143.0,708.07,97203.85,0.04
213,2023-09-28,S013,North,Toys,LEGO Set,86.0,1184.99,100890.05,0.01
214,2024-12-24,S013,North,Sports,Helmet,105.0,1259.88,120381.53,0.09
215,2024-01-30,S010,Central,Sports,Helmet,86.0,909.57,73529.64,0.06
216,2024-11-19,S007,North,Groceries,Cooking Oil,50.0,456.8,15759.6,0.31
217,2023-02-06,S012,North,Sports,Helmet,134.0,1171.3,97311.6,0.38
218,2023-07-09,S003,East,Clothing,Dress,61.0,1385.09,62522.96,0.26
219,2023-06-25,S016,South,Groceries,Coffee,67.0,1190.96,51068.36,0.36
220,2024-10-05,S020,Central,Groceries,Cooking Oil,22.0,720.41,11411.29,0.28
221,2024-09-05,S006,South,Electronics,Tablet,169.0,1357.82,176693.12,0.23
222,2023-01-29,S017,Central,Sports,Helmet,15.0,1348.29,15572.75,0.23
223,2024-10-22,S016,South,Books,Textbook,15.0,997.73,14217.65,0.05
224,2023-05-19,S019,North,Beauty,Shampoo,198.0,495.32,97092.63,0.01
225,2023-02-02,S015,South,Electronics,Headphones,11.0,101.14,867.78,0.22
226,2024-08-01,S006,South,Beauty,Face Cream,73.0,346.26,20221.58,0.2
227,2023-03-26,S020,Central,Groceries,Cooking Oil,40.0,1068.4,26923.68,0.37
228,2023-10-09,S002,North,Groceries,Flour,54.0,1386.97,74147.42,0.01
229,2024-12-30,S014,North,Beauty,Face Cream,27.0,44.11,869.41,0.27
230,2023-09-19,S012,North,Toys,Doll,32.0,787.67,22180.79,0.12
231,2024-06-18,S018,Central,Home & Garden,Plant Pot,166.0,360.38,48456.69,0.19
232,2023-01-18,S008,Central,Home & Garden,Rug,50.0,25.15,1182.05,0.06
233,2024-05-15,S016,South,Beauty,Perfume,14.0,316.29,3808.13,0.14
234,2024-02-21,S020,Central,Home & Garden,Rug,106.0,1124.54,97745.02,0.18
235,2024-08-18,S012,North,Groceries,Flour,194.0,773.61,96051.42,0.36
236,2024-07-11,S003,East,Clothing,Jacket,116.0,394.56,32495.96,0.29
237,2023-06-29,S012,North,Toys,Action Figure,198.0,764.54,118075.56,0.22
238,2024-02-25,S005,South,Toys,Action Figure,48.0,1478.62,68134.81,0.04
239,2024-02-16,S009,North,Books,Comic,200.0,1402.9,218852.4,0.22
240,2023-04-16,S001,North,Toys,Board Game,178.0,1123.58,121998.32,0.39
241,2024-02-02,S020,Central,Books,Cookbook,74.0,133.04,6989.92,0.29
242,2024-05-06,S003,East,Toys,Doll,81.0,891.16,65687.4,0.09
243,2024-01-02,S013,North,Home & Garden,Curtains,68.0,1412.71,75890.78,0.21
244,2023-04-01,S008,Central,Beauty,Face Cream,176.0,952.36,113978.44,0.32
245,2023-05-09,S002,North,Home & Garden,Lamp,11.0,456.15,3863.59,0.23
246,2023-04-21,S006,South,Toys,Action Figure,7.0,88.55,384.31,0.38
247,2024-11-14,S004,South,Electronics,Smartphone,97.0,899.64,54104.35,0.38
248,2024-03-19,S011,West,Books,Textbook,10.0,1140.58,7413.77,0.35
249,2024-05-27,S013,North,Groceries,Cooking Oil,57.0,204.74,8402.53,0.28
250,2023-10-11,S008,Central,Books,Fiction Novel,127.0,220.92,24690.02,0.12
251,2023-08-25,S005,South,Home & Garden,Lamp,7.0,915.78,5000.16,0.22
252,2023-02-03,S013,North,Home & Garden,Cushion,65.0,703.46,35208.17,0.23
253,2024-05-29,S019,North,Home & Garden,Cushion,137.0,603.2,59499.65,0.28
254,2023-05-05,S008,Central,Electronics,Laptop,114.0,772.29,68672.03,0.22
255,2023-06-13,S009,North,Home & Garden,Curtains,77.0,311.29,16538.84,0.31
256,2024-03-04,S010,Central,Toys,Board Game,118.0,247.09,25074.69,0.14
257,2023-06-23,S003,East,Home & Garden,Lamp,149.0,930.83,104020.25,0.25
258,2024-05-02,S012,North,Books,Self-Help,86.0,1253.22,98077.0,0.09
259,2023-06-28,S004,South,Books,Self-Help,76.0,769.48,55556.46,0.05
260,2024-01-04,S009,North,Sports,Helmet,14.0,1239.65,15966.69,0.08
261,2024-07-18,S010,Central,Toys,Doll,152.0,1269.32,189077.91,0.02
262,2023-01-14,S018,Central,Electronics,Headphones,149.0,817.91,88964.07,0.27
263,2023-10-13,S019,North,Home & Garden,Cushion,78.0,620.35,31935.62,0.34
264,2023-01-16,S001,North,Groceries,Cooking Oil,55.0,479.9,24810.83,0.06
265,2023-10-06,S004,South,Groceries,Rice 5kg,75.0,661.36,41665.68,0.16
266,2024-10-06,S019,North,Sports,Bottle,41.0,584.52,17015.38,0.29
267,2023-10-24,S001,North,Home & Garden,Rug,58.0,1406.83,64460.95,0.21
268,2023-05-01,S017,Central,Electronics,Headphones,93.0,492.32,28845.03,0.37
269,2024-03-02,S012,North,Toys,Board Game,76.0,85.37,5060.73,0.22
270,2024-11-24,S003,East,Clothing,T-Shirt,42.0,1292.82,51040.53,0.06
271,2024-10-08,S011,West,Clothing,Sneakers,32.0,88.97,2676.22,0.06
272,2023-03-30,S004,South,Beauty,Perfume,54.0,1188.63,53274.4,0.17
273,2023-05-03,S003,East,Groceries,Sugar,181.0,1046.83,185686.71,0.02
274,2024-03-09,S016,South,Electronics,Smartphone,52.0,1027.43,45946.67,0.14
275,2023-07-21,S013,North,Books,Textbook,94.0,1321.22,115501.05,0.07
276,2024-10-21,S012,North,Electronics,Headphones,107.0,1363.77,105064.84,0.28
277,2024-09-26,S019,North,Groceries,Rice 5kg,112.0,454.66,49903.48,0.02
278,2024-07-03,S012,North,Clothing,Jacket,95.0,1348.06,121662.41,0.05
279,2023-12-08,S004,South,Groceries,Rice 5kg,108.0,1150.04,86943.02,0.3
280,2023-03-04,S020,Central,Beauty,Shampoo,134.0,503.62,48589.26,0.28
281,2024-11-01,S009,North,Groceries,Cooking Oil,161.0,865.78,90603.88,0.35
282,2023-05-24,S004,South,Groceries,Cooking Oil,10.0,1211.33,11144.24,0.08
283,2024-10-31,S019,North,Clothing,Dress,28.0,344.51,6559.47,0.32
284,2024-11-21,S002,North,Sports,Dumbbell,21.0,1185.18,20657.69,0.17
285,2024-10-01,S001,North,Electronics,Headphones,98.0,303.47,24089.45,0.19
286,2024-06-30,S001,North,Clothing,Jeans,172.0,946.12,148086.7,0.09
287,2023-05-14,S012,North,Toys,Puzzle,136.0,449.75,50156.12,0.18
288,2024-09-26,S017,Central,Books,Comic,155.0,1305.87,202409.85,0.0
289,2024-02-02,S009,North,Toys,Action Figure,170.0,650.76,96247.4,0.13
290,2023-04-14,S012,North,Clothing,Dress,122.0,1080.94,90993.53,0.31
291,2023-11-11,S019,North,Sports,Yoga Mat,200.0,171.62,32607.8,0.05
292,2024-11-25,S011,West,Toys,LEGO Set,189.0,17.0,2602.53,0.19
293,2024-07-08,S017,Central,Home & Garden,Curtains,51.0,1495.98,54932.39,0.28
294,2023-11-28,S004,South,Clothing,Dress,27.0,236.16,4208.37,0.34
295,2023-05-24,S001,North,Home & Garden,Plant Pot,140.0,1342.59,171045.97,0.09
296,2024-04-24,S016,South,Books,Cookbook,12.0,104.47,1090.67,0.13
297,2024-12-19,S012,North,Books,Textbook,169.0,666.86,102556.4,0.09
298,2024-08-12,S010,Central,Toys,Doll,9.0,853.73,5762.68,0.25
299,2023-03-27,S012,North,Clothing,T-Shirt,153.0,1487.28,182043.07,0.2
300,2024-01-04,S019,North,Home & Garden,Lamp,173.0,194.17,25193.56,0.25
301,2024-07-13,S006,South,Beauty,Lipstick,171.0,849.59,124940.71,0.14
302,2023-04-29,S003,East,Electronics,Smartphone,186.0,408.06,62237.31,0.18
303,2024-04-24,S008,Central,Books,Fiction Novel,3.0,432.88,883.08,0.32
304,2023-10-16,S005,South,Beauty,Face Cream,130.0,638.27,53104.06,0.36
305,2024-02-02,S009,North,Toys,Board Game,88.0,855.17,63966.72,0.15
306,2023-04-10,S017,Central,Clothing,Jeans,119.0,553.97,63944.76,0.03
307,2023-08-06,S018,Central,Groceries,Flour,56.0,1174.19,65754.64,0.0
308,2023-02-23,S001,North,Toys,Action Figure,185.0,1020.0,120768.0,0.36
309,2024-07-01,S012,North,Clothing,Dress,155.0,931.21,118356.79,0.18
310,2023-12-11,S010,Central,Electronics,Tablet,150.0,393.91,50814.39,0.14
311,2024-04-25,S006,South,Toys,Board Game,68.0,218.08,13049.91,0.12
312,2023-08-04,S002,North,Clothing,Dress,83.0,940.05,71782.22,0.08
313,2023-11-03,S011,West,Books,Comic,18.0,1138.87,13529.78,0.34
314,2023-12-06,S003,East,Beauty,Perfume,36.0,146.19,3210.33,0.39
315,2024-06-18,S005,South,Clothing,T-Shirt,131.0,563.63,61283.49,0.17
316,2024-05-16,S017,Central,Sports,Yoga Mat,94.0,334.98,22356.57,0.29
317,2024-10-08,S003,East,Clothing,T-Shirt,86.0,947.1,65974.99,0.19
318,2024-06-22,S020,Central,Clothing,Sneakers,95.0,1156.49,92287.9,0.16
319,2024-10-15,S016,South,Groceries,Cooking Oil,133.0,1107.74,141436.24,0.04
320,2023-07-25,S010,Central,Clothing,T-Shirt,6.0,1145.57,6804.69,0.01
321,2024-08-28,S014,North,Groceries,Sugar,117.0,1266.62,114109.8,0.23
322,2024-02-15,S010,Central,Books,Fiction Novel,174.0,221.41,35828.57,0.07
323,2023-11-12,S011,West,Home & Garden,Plant Pot,130.0,1208.87,155581.57,0.01
324,2023-02-12,S001,North,Beauty,Shampoo,37.0,751.04,25287.52,0.09
325,2023-07-17,S008,Central,Electronics,Tablet,196.0,1453.38,179463.36,0.37
326,2024-08-19,S001,North,Clothing,Jeans,9.0,1215.96,7003.93,0.36
327,2023-03-26,S005,South,Electronics,Headphones,142.0,1186.22,141492.32,0.16
328,2024-10-12,S010,Central,Home & Garden,Rug,165.0,1162.02,134213.31,0.3
329,2023-12-06,S012,North,Clothing,Jeans,72.0,1261.91,78137.47,0.14
330,2023-10-18,S008,Central,Clothing,Dress,159.0,504.65,54562.76,0.32
331,2023-11-20,S020,Central,Electronics,Smartwatch,127.0,24.34,2318.38,0.25
332,2024-02-10,S009,North,Clothing,Jacket,92.0,689.17,43748.51,0.31
333,2023-06-27,S015,South,Toys,Action Figure,175.0,1432.7,208099.67,0.17
334,2024-07-01,S019,North,Toys,LEGO Set,19.0,207.75,3315.69,0.16
335,2024-08-02,S015,South,Sports,Running Shoes,4.0,1268.22,3043.73,0.4
336,2024-09-11,S009,North,Toys,Puzzle,67.0,633.35,40737.07,0.04
337,2024-03-10,S004,South,Groceries,Coffee,184.0,1000.15,172985.94,0.06
338,2024-11-12,S014,North,Sports,Bottle,128.0,1146.65,145303.49,0.01
339,2024-02-02,S013,North,Electronics,Laptop,149.0,811.78,85878.21,0.29
340,2023-09-12,S007,North,Toys,Action Figure,44.0,1262.84,36672.87,0.34
341,2024-02-07,S007,North,Electronics,Smartwatch,2.0,78.79,156.0,0.01
342,2023-02-28,S005,South,Electronics,Smartphone,37.0,1122.88,25343.4,0.39
343,2023-06-04,S005,South,Clothing,Sneakers,142.0,198.67,23697.36,0.16
344,2023-12-17,S013,North,Electronics,Laptop,165.0,1338.0,185446.8,0.16
345,2024-08-04,S003,East,Clothing,Jacket,31.0,612.26,18980.06,0.0
346,2023-11-03,S005,South,Sports,Yoga Mat,75.0,1327.24,81625.26,0.18
347,2024-03-05,S011,West,Electronics,Smartwatch,50.0,42.16,1433.44,0.32
348,2023-04-03,S019,North,Beauty,Face Cream,130.0,1008.53,115375.83,0.12
349,2024-04-07,S015,South,Electronics,Smartphone,160.0,879.48,105537.6,0.25
350,2024-10-14,S007,North,Electronics,Smartphone,177.0,426.03,51276.97,0.32
351,2023-07-23,S004,South,Beauty,Face Cream,65.0,1067.5,62448.75,0.1
352,2024-10-17,S020,Central,Toys,Puzzle,189.0,1131.17,190274.11,0.11
353,2024-07-31,S009,North,Clothing,Dress,14.0,421.01,4538.49,0.23
354,2023-07-22,S004,South,Beauty,Shampoo,129.0,1069.05,91018.92,0.34
355,2023-04-15,S013,North,Books,Cookbook,181.0,11.87,1675.81,0.22
356,2024-11-24,S012,North,Groceries,Flour,32.0,477.28,12371.1,0.19
357,2023-11-26,S002,North,Electronics,Smartwatch,125.0,981.17,115287.47,0.06
358,2023-12-27,S011,West,Groceries,Coffee,86.0,948.1,75013.67,0.08
359,2023-07-10,S002,North,Sports,Yoga Mat,12.0,936.75,8318.34,0.26
360,2023-10-17,S006,South,Beauty,Perfume,137.0,826.02,81478.61,0.28
361,2024-08-05,S016,South,Home & Garden,Cushion,31.0,701.28,21739.68,0.0
362,2024-02-28,S009,North,Clothing,Jacket,188.0,703.12,95174.32,0.28
363,2024-06-20,S003,East,Electronics,Laptop,126.0,1008.73,82614.99,0.35
364,2023-10-12,S009,North,Electronics,Headphones,83.0,1024.6,68033.44,0.2
365,2024-08-09,S001,North,Beauty,Face Cream,35.0,129.92,2910.21,0.36
366,2023-06-25,S011,West,Home & Garden,Curtains,10.0,32.85,292.37,0.11
367,2024-11-17,S015,South,Toys,Doll,200.0,1265.46,245499.24,0.03
368,2023-01-18,S013,North,Sports,Running Shoes,165.0,1228.45,139859.03,0.31
369,2024-01-30,S004,South,Electronics,Tablet,194.0,945.58,155926.14,0.15
370,2023-05-19,S009,North,Electronics,Smartphone,93.0,341.64,30183.89,0.05
371,2024-09-30,S008,Central,Sports,Dumbbell,63.0,228.39,10215.88,0.29
372,2024-05-23,S014,North,Home & Garden,Curtains,83.0,659.02,43211.94,0.21
373,2024-07-07,S001,North,Home & Garden,Lamp,89.0,105.54,8641.62,0.08
374,2024-06-18,S017,Central,Toys,Doll,26.0,1087.67,25734.27,0.09
375,2024-01-26,S005,South,Beauty,Perfume,188.0,674.73,125580.75,0.01
376,2024-11-28,S003,East,Sports,Helmet,187.0,1430.37,240731.27,0.1
377,2024-04-25,S001,North,Electronics,Smartphone,134.0,1325.47,120776.83,0.32
378,2023-10-10,S010,Central,Home & Garden,Lamp,149.0,782.52,100272.11,0.14
379,2023-04-26,S013,North,Groceries,Sugar,156.0,1191.5,152416.68,0.18
380,2024-02-13,S004,South,Toys,Puzzle,191.0,900.52,168559.33,0.02
381,2024-11-13,S004,South,Groceries,Flour,132.0,169.4,15652.56,0.3
382,2023-04-05,S011,West,Sports,Running Shoes,151.0,651.66,70848.48,0.28
383,2023-12-08,S015,South,Clothing,Sneakers,163.0,78.74,10396.04,0.19
384,2024-04-09,S008,Central,Clothing,Sneakers,2.0,10.02,15.83,0.21
385,2024-03-17,S017,Central,Beauty,Sunscreen,14.0,612.62,6260.98,0.27
386,2023-08-05,S001,North,Electronics,Tablet,45.0,1307.09,41173.33,0.3
387,2023-12-13,S017,Central,Sports,Running Shoes,90.0,1146.14,86648.18,0.16
388,2023-11-02,S015,South,Books,Comic,49.0,1293.06,43084.76,0.32
389,2023-11-19,S008,Central,Home & Garden,Cushion,181.0,1494.73,178560.45,0.34
390,2023-08-31,S020,Central,Books,Cookbook,127.0,1159.06,136896.58,0.07
391,2024-05-07,S010,Central,Clothing,Jeans,29.0,1444.56,26811.03,0.36
392,2023-07-10,S005,South,Electronics,Headphones,55.0,1179.64,39576.92,0.39
393,2023-07-25,S012,North,Clothing,Dress,25.0,1223.19,21100.03,0.31
394,2024-05-22,S014,North,Sports,Helmet,98.0,723.9,46112.43,0.35
395,2023-06-14,S019,North,Beauty,Sunscreen,96.0,329.26,21178.0,0.33
396,2024-11-28,S016,South,Beauty,Sunscreen,111.0,1013.73,108023.07,0.04
397,2024-03-18,S013,North,Toys,Board Game,30.0,1461.86,38593.1,0.12
398,2024-10-08,S004,South,Groceries,Rice 5kg,80.0,1480.1,85253.76,0.28
399,2024-02-17,S018,Central,Clothing,T-Shirt,111.0,983.5,109168.5,0.0
400,2023-12-28,S008,Central,Home & Garden,Lamp,167.0,1338.11,176536.85,0.21
401,2024-10-17,S013,North,Electronics,Smartwatch,92.0,535.63,46814.06,0.05
402,2023-03-16,S014,North,Beauty,Face Cream,139.0,614.42,59783.07,0.3
403,2023-10-22,S018,Central,Electronics,Smartphone,47.0,396.91,15483.46,0.17
404,2023-11-26,S007,North,Beauty,Perfume,166.0,153.39,25208.11,0.01
405,2024-01-13,S008,Central,Groceries,Rice 5kg,7.0,1183.86,6298.14,0.24
406,2023-06-11,S018,Central,Toys,Doll,21.0,861.29,17182.74,0.05
407,2024-04-04,S001,North,Home & Garden,Rug,133.0,604.92,69995.29,0.13
408,2023-07-11,S009,North,Books,Cookbook,130.0,82.31,10272.29,0.04
409,2024-03-24,S016,South,Beauty,Sunscreen,81.0,36.21,1789.14,0.39
410,2023-04-02,S006,South,Books,Textbook,50.0,569.77,26779.19,0.06
411,2024-01-12,S009,North,Clothing,Jeans,185.0,1020.69,124626.25,0.34
412,2024-03-31,S004,South,Home & Garden,Plant Pot,52.0,212.28,9824.32,0.11
413,2023-08-03,S019,North,Toys,Doll,197.0,244.68,29885.22,0.38
414,2024-10-17,S016,South,Clothing,Jacket,107.0,273.16,18706.0,0.36
415,2023-02-09,S017,Central,Sports,Dumbbell,138.0,368.26,36082.11,0.29
416,2023-04-30,S019,North,Electronics,Headphones,79.0,865.43,51276.73,0.25
417,2023-11-20,S012,North,Groceries,Flour,61.0,553.04,33060.73,0.02
418,2024-02-19,S001,North,Groceries,Sugar,33.0,864.15,24239.41,0.15
419,2024-07-11,S006,South,Books,Textbook,186.0,828.78,144903.9,0.06
420,2023-10-04,S010,Central,Home & Garden,Curtains,121.0,1297.23,125571.86,0.2
421,2024-09-25,S019,North,Clothing,Sneakers,98.0,1497.29,123256.91,0.16
422,2024-04-25,S002,North,Books,Textbook,77.0,777.66,46107.46,0.23
423,2024-08-28,S012,North,Clothing,Jeans,40.0,837.64,23453.92,0.3
424,2023-10-15,S019,North,Toys,Puzzle,31.0,1166.36,29287.3,0.19
425,2023-01-05,S009,North,Electronics,Smartphone,116.0,169.02,12744.11,0.35
426,2024-12-03,S018,Central,Books,Self-Help,155.0,814.9,103573.79,0.18
427,2023-03-28,S003,East,Sports,Yoga Mat,25.0,901.45,17803.64,0.21
428,2024-09-15,S006,South,Clothing,T-Shirt,116.0,157.98,12278.21,0.33
429,2023-09-10,S004,South,Electronics,Laptop,198.0,870.48,148225.33,0.14
430,2023-09-26,S002,North,Toys,Board Game,101.0,675.62,47083.96,0.31
431,2023-12-02,S001,North,Sports,Running Shoes,143.0,574.74,80544.06,0.02
432,2023-12-14,S015,South,Clothing,Jeans,139.0,234.23,26371.96,0.19
433,2023-03-19,S017,Central,Sports,Dumbbell,74.0,117.23,7460.52,0.14
434,2024-01-18,S016,South,Clothing,T-Shirt,63.0,635.16,36813.87,0.08
435,2024-02-17,S018,Central,Home & Garden,Plant Pot,79.0,797.96,54843.79,0.13
436,2024-10-23,S014,North,Beauty,Shampoo,128.0,285.06,24811.62,0.32
437,2024-05-31,S004,South,Clothing,T-Shirt,142.0,675.53,70025.44,0.27
438,2023-02-06,S008,Central,Books,Textbook,117.0,1091.75,100910.45,0.21
439,2024-07-18,S016,South,Books,Fiction Novel,133.0,1006.73,115149.78,0.14
440,2023-03-03,S017,Central,Beauty,Sunscreen,57.0,1400.32,67047.32,0.16
441,2023-01-10,S014,North,Sports,Dumbbell,179.0,690.49,95170.24,0.23
442,2024-10-19,S010,Central,Electronics,Headphones,64.0,1194.13,67253.4,0.12
443,2024-07-17,S007,North,Groceries,Cooking Oil,151.0,495.63,74840.13,0.0
444,2024-10-29,S006,South,Sports,Running Shoes,183.0,1228.09,197771.61,0.12
445,2024-02-20,S015,South,Groceries,Cooking Oil,196.0,1468.84,241829.82,0.16
446,2024-11-17,S005,South,Home & Garden,Rug,64.0,1131.41,51411.27,0.29
447,2023-11-16,S013,North,Clothing,Jacket,118.0,72.52,6760.31,0.21
448,2024-02-24,S013,North,Toys,Board Game,2.0,1270.14,1778.2,0.3
449,2024-06-29,S017,Central,Home & Garden,Cushion,188.0,1487.77,274106.74,0.02
450,2024-07-07,S015,South,Books,Comic,121.0,1297.9,131918.56,0.16
451,2024-10-31,S016,South,Toys,Puzzle,13.0,672.39,6206.16,0.29
452,2023-10-05,S008,Central,Toys,Board Game,75.0,758.27,42652.69,0.25
453,2024-04-11,S012,North,Home & Garden,Curtains,56.0,742.21,32419.73,0.22
454,2024-09-03,S008,Central,Books,Fiction Novel,39.0,15.79,412.59,0.33
455,2024-04-11,S008,Central,Groceries,Cooking Oil,162.0,648.0,64035.36,0.39
456,2024-09-07,S017,Central,Clothing,Sneakers,81.0,848.84,42628.74,0.38
457,2023-04-15,S003,East,Clothing,T-Shirt,141.0,1453.41,133205.03,0.35
458,2024-10-08,S020,Central,Toys,Action Figure,198.0,989.38,178266.49,0.09
459,2024-01-06,S010,Central,Clothing,Dress,136.0,187.59,22705.89,0.11
460,2024-12-14,S007,North,Toys,Action Figure,48.0,1147.68,37460.28,0.32
461,2024-05-11,S005,South,Clothing,Jacket,147.0,1020.99,112564.15,0.25
462,2023-03-01,S001,North,Groceries,Coffee,166.0,515.68,82178.76,0.04
463,2023-11-03,S007,North,Electronics,Laptop,41.0,1354.4,39426.58,0.29
464,2024-04-10,S005,South,Home & Garden,Curtains,168.0,1112.12,127048.59,0.32
465,2023-02-28,S009,North,Beauty,Shampoo,15.0,292.69,3556.18,0.19
466,2024-05-12,S014,North,Sports,Bottle,118.0,900.84,94606.22,0.11
467,2024-07-30,S011,West,Toys,Action Figure,159.0,364.07,41678.73,0.28
468,2023-10-20,S004,South,Home & Garden,Cushion,95.0,1231.02,94726.99,0.19
469,2024-03-09,S012,North,Clothing,Jacket,107.0,982.17,92481.13,0.12
470,2023-06-24,S003,East,Toys,LEGO Set,98.0,105.23,6703.15,0.35
471,2024-09-10,S006,South,Groceries,Sugar,170.0,357.51,59561.17,0.02
472,2023-03-07,S020,Central,Beauty,Face Cream,141.0,445.92,49042.28,0.22
473,2024-04-14,S008,Central,Clothing,Dress,122.0,309.0,33928.2,0.1
474,2024-12-29,S020,Central,Electronics,Tablet,102.0,1068.61,103548.31,0.05
475,2024-05-07,S009,North,Electronics,Tablet,98.0,792.65,55152.59,0.29
476,2023-11-12,S019,North,Electronics,Smartphone,54.0,1420.68,62140.54,0.19
477,2023-10-07,S005,South,Electronics,Smartwatch,60.0,451.97,19525.1,0.28
478,2024-10-23,S011,West,Beauty,Perfume,46.0,1197.63,39665.51,0.28
479,2024-01-20,S004,South,Clothing,Dress,98.0,522.96,42537.57,0.17
480,2023-10-25,S011,West,Books,Fiction Novel,169.0,91.42,13286.98,0.14
481,2023-04-11,S017,Central,Clothing,Sneakers,6.0,214.96,1199.48,0.07
482,2024-08-31,S010,Central,Sports,Running Shoes,188.0,462.34,59974.74,0.31
483,2024-11-09,S003,East,Clothing,Jeans,149.0,1241.47,175730.08,0.05
484,2024-08-08,S019,North,Electronics,Smartwatch,56.0,1079.85,42330.12,0.3
485,2023-03-21,S002,North,Groceries,Coffee,113.0,640.98,58668.9,0.19
486,2024-02-09,S012,North,Sports,Yoga Mat,198.0,899.13,167346.08,0.06
487,2023-09-08,S003,East,Toys,Action Figure,77.0,236.21,17278.76,0.05
488,2023-11-08,S009,North,Toys,Doll,89.0,37.29,2688.24,0.19
489,2023-07-21,S018,Central,Beauty,Perfume,9.0,1414.51,10439.08,0.18
490,2023-11-29,S016,South,Electronics,Smartphone,160.0,71.34,9473.95,0.17
491,2023-09-14,S003,East,Clothing,Sneakers,194.0,291.85,41331.8,0.27
492,2023-02-11,S010,Central,Groceries,Cooking Oil,130.0,706.2,77117.04,0.16
493,2024-11-07,S015,South,Books,Comic,154.0,1387.89,190224.2,0.11
494,2023-10-17,S014,North,Books,Self-Help,108.0,1357.59,98235.21,0.33
495,2024-04-28,S005,South,Groceries,Rice 5kg,144.0,984.54,114836.75,0.19
496,2023-04-09,S007,North,Electronics,Laptop,8.0,447.2,3291.39,0.08
497,2023-07-02,S013,North,Clothing,T-Shirt,84.0,1034.88,54765.85,0.37
498,2023-09-25,S015,South,Electronics,Smartwatch,25.0,1470.44,36761.0,0.0
499,2023-07-15,S008,Central,Home & Garden,Lamp,162.0,941.98,99190.49,0.35
500,2024-07-04,S007,North,Beauty,Shampoo,56.0,1176.39,60607.61,0.08
501,2023-08-11,S003,East,Clothing,Jeans,193.0,189.12,25915.11,0.29
502,2023-07-04,S014,North,Beauty,Shampoo,195.0,986.59,188537.35,0.02
503,2023-03-02,S014,North,Electronics,Smartphone,45.0,547.69,21442.06,0.13
504,2023-08-14,S018,Central,Toys,Board Game,79.0,476.0,28579.04,0.24
505,2023-01-12,S013,North,Sports,Dumbbell,149.0,280.66,26345.55,0.37
506,2023-11-28,S002,North,Clothing,Sneakers,192.0,246.57,45921.2,0.03
507,2024-07-23,S014,North,Electronics,Smartphone,122.0,722.9,67909.23,0.23
508,2023-12-10,S010,Central,Books,Comic,74.0,848.03,49575.83,0.21
509,2023-02-11,S004,South,Home & Garden,Lamp,51.0,1485.24,62870.21,0.17
510,2024-07-21,S018,Central,Sports,Dumbbell,160.0,294.49,32511.7,0.31
511,2024-09-07,S003,East,Home & Garden,Lamp,116.0,531.91,57999.47,0.06
512,2023-06-21,S011,West,Home & Garden,Plant Pot,68.0,440.65,19776.37,0.34
513,2024-11-21,S015,South,Books,Self-Help,114.0,912.25,63437.86,0.39
514,2023-05-02,S005,South,Sports,Running Shoes,147.0,1296.34,144827.1,0.24
515,2024-11-05,S012,North,Home & Garden,Lamp,115.0,925.45,89398.47,0.16
516,2024-07-08,S009,North,Beauty,Sunscreen,103.0,1302.34,101947.18,0.24
517,2024-01-11,S013,North,Sports,Bottle,22.0,1341.75,21253.32,0.28
518,2024-02-03,S009,North,Electronics,Tablet,106.0,30.44,2000.52,0.38
519,2024-06-11,S007,North,Home & Garden,Lamp,56.0,602.85,32746.81,0.03
520,2023-02-06,S018,Central,Toys,Puzzle,83.0,376.15,19668.88,0.37
521,2024-08-31,S004,South,Sports,Helmet,30.0,945.99,27812.11,0.02
522,2024-03-09,S008,Central,Clothing,Jeans,168.0,1157.95,167300.62,0.14
523,2024-10-01,S014,North,Sports,Running Shoes,107.0,1169.29,125114.03,0.0
524,2023-04-19,S011,West,Toys,Board Game,63.0,415.42,18058.31,0.31
525,2024-12-31,S015,South,Books,Fiction Novel,181.0,70.44,10582.2,0.17
526,2023-03-30,S003,East,Home & Garden,Rug,101.0,909.71,85449.06,0.07
527,2024-07-13,S002,North,Beauty,Perfume,139.0,1302.29,115851.72,0.36
528,2024-09-24,S001,North,Books,Comic,52.0,979.75,31587.14,0.38
529,2024-10-08,S012,North,Sports,Running Shoes,93.0,526.16,42571.61,0.13
530,2023-11-18,S020,Central,Toys,Puzzle,173.0,122.0,17729.04,0.16
531,2023-10-10,S012,North,Toys,Action Figure,73.0,215.36,13677.51,0.13
532,2023-12-16,S010,Central,Books,Textbook,121.0,769.6,79153.36,0.15
533,2024-04-05,S002,North,Electronics,Headphones,177.0,396.41,58236.59,0.17
534,2023-12-16,S018,Central,Electronics,Headphones,121.0,129.77,10520.45,0.33
535,2023-09-01,S018,Central,Beauty,Sunscreen,168.0,1498.13,251685.84,0.0
536,2024-05-09,S004,South,Beauty,Lipstick,138.0,456.91,51703.94,0.18
537,2024-07-28,S014,North,Sports,Running Shoes,119.0,1326.9,96319.67,0.39
538,2024-08-16,S003,East,Books,Self-Help,69.0,939.44,62876.72,0.03
539,2024-04-23,S015,South,Electronics,Laptop,81.0,697.91,37875.58,0.33
540,2023-10-19,S007,North,Home & Garden,Curtains,141.0,488.29,48194.22,0.3
541,2023-12-26,S002,North,Home & Garden,Lamp,88.0,104.1,8061.5,0.12
542,2024-04-13,S008,Central,Beauty,Lipstick,46.0,168.01,6182.77,0.2
543,2024-03-25,S017,Central,Electronics,Smartphone,73.0,859.21,57704.54,0.08
544,2023-11-24,S016,South,Clothing,Jeans,162.0,1102.33,164291.26,0.08
545,2023-05-12,S014,North,Groceries,Cooking Oil,61.0,851.94,35338.47,0.32
546,2023-10-21,S004,South,Groceries,Rice 5kg,165.0,53.02,6123.81,0.3
547,2023-12-04,S019,North,Toys,Doll,20.0,500.45,6405.76,0.36
548,2024-11-23,S009,North,Books,Cookbook,96.0,847.9,75700.51,0.07
549,2024-04-21,S010,Central,Beauty,Face Cream,60.0,280.09,15965.13,0.05
550,2024-05-24,S001,North,Clothing,T-Shirt,176.0,1126.47,142746.28,0.28
551,2023-12-21,S019,North,Beauty,Face Cream,78.0,508.76,33730.79,0.15
552,2023-02-19,S001,North,Beauty,Sunscreen,118.0,1059.19,122484.73,0.02
553,2023-10-04,S006,South,Clothing,Dress,140.0,350.99,46190.28,0.06
554,2024-07-28,S006,South,Sports,Yoga Mat,105.0,39.69,2542.14,0.39
555,2024-11-30,S002,North,Home & Garden,Curtains,138.0,1130.3,121665.49,0.22
556,2023-05-25,S010,Central,Home & Garden,Plant Pot,19.0,470.51,5721.4,0.36
557,2023-06-28,S017,Central,Clothing,Sneakers,79.0,979.93,61157.43,0.21
558,2024-05-30,S018,Central,Home & Garden,Lamp,45.0,137.12,5183.14,0.16
559,2024-01-05,S003,East,Electronics,Tablet,121.0,70.08,7207.73,0.15
560,2024-12-14,S001,North,Sports,Running Shoes,6.0,988.61,3677.63,0.38
561,2023-07-28,S014,North,Clothing,Jeans,40.0,1028.65,27156.36,0.34
562,2023-09-30,S006,South,Clothing,Jacket,18.0,125.63,1605.55,0.29
563,2023-10-17,S009,North,Electronics,Tablet,13.0,232.79,2996.01,0.01
564,2023-06-12,S003,East,Home & Garden,Rug,73.0,1329.32,72780.27,0.25
565,2023-11-13,S012,North,Books,Comic,183.0,1207.49,185615.36,0.16
566,2024-07-30,S010,Central,Books,Self-Help,142.0,1485.15,196128.91,0.07
567,2024-05-03,S005,South,Books,Self-Help,42.0,109.19,3531.2,0.23
568,2024-02-19,S019,North,Home & Garden,Rug,85.0,585.57,47284.78,0.05
569,2023-08-31,S013,North,Toys,Puzzle,18.0,859.01,14225.21,0.08
570,2023-01-31,S005,South,Clothing,T-Shirt,107.0,296.38,23467.37,0.26
571,2023-10-15,S008,Central,Home & Garden,Rug,99.0,715.0,67953.6,0.04
572,2024-01-28,S008,Central,Toys,Puzzle,20.0,324.7,4870.5,0.25
573,2023-09-30,S004,South,Groceries,Flour,48.0,230.6,9187.1,0.17
574,2023-12-04,S011,West,Toys,Action Figure,173.0,1164.46,147059.65,0.27
575,2024-08-02,S014,North,Groceries,Cooking Oil,149.0,282.75,29912.12,0.29
576,2024-07-10,S016,South,Home & Garden,Cushion,35.0,175.44,4666.7,0.24
577,2024-08-11,S016,South,Books,Self-Help,21.0,350.42,5519.12,0.25
578,2024-03-24,S007,North,Sports,Yoga Mat,86.0,664.96,56614.69,0.01
579,2024-01-22,S009,North,Home & Garden,Lamp,141.0,569.79,54631.47,0.32
580,2023-12-17,S007,North,Sports,Helmet,52.0,434.02,21891.97,0.03
581,2024-11-30,S002,North,Electronics,Laptop,131.0,439.19,52931.18,0.08
582,2023-05-13,S019,North,Home & Garden,Curtains,96.0,521.64,46071.24,0.08
583,2023-11-01,S008,Central,Books,Cookbook,122.0,1176.96,143589.12,0.0
584,2024-07-19,S004,South,Electronics,Headphones,62.0,967.26,56971.61,0.05
585,2023-02-14,S009,North,Toys,Doll,188.0,466.76,60548.11,0.31
586,2023-09-07,S014,North,Clothing,T-Shirt,155.0,1020.52,112308.23,0.29
587,2024-06-23,S003,East,Electronics,Laptop,110.0,337.69,27116.51,0.27
588,2023-02-15,S011,West,Electronics,Headphones,119.0,354.57,38818.32,0.08
589,2023-08-18,S019,North,Electronics,Tablet,171.0,256.9,36022.52,0.18
590,2024-10-03,S015,South,Toys,LEGO Set,44.0,1314.98,41658.57,0.28
591,2023-08-06,S008,Central,Books,Fiction Novel,92.0,963.17,78864.36,0.11
592,2023-05-16,S017,Central,Groceries,Flour,21.0,1177.22,22496.67,0.09
593,2023-10-08,S010,Central,Clothing,Sneakers,174.0,817.07,90988.92,0.36
594,2023-07-14,S009,North,Electronics,Smartphone,63.0,1009.89,44536.15,0.3
595,2023-04-16,S018,Central,Electronics,Headphones,66.0,1121.99,50354.91,0.32
596,2023-07-02,S008,Central,Toys,Action Figure,145.0,906.55,93329.32,0.29
597,2023-04-07,S018,Central,Groceries,Sugar,58.0,193.25,7061.36,0.37
598,2023-01-25,S012,North,Clothing,Jeans,12.0,616.08,6136.16,0.17
599,2024-01-08,S017,Central,Toys,Doll,159.0,1350.51,130985.96,0.39
600,2023-05-27,S004,South,Sports,Running Shoes,177.0,1404.57,216289.73,0.13
601,2024-04-12,S010,Central,Home & Garden,Plant Pot,195.0,1262.65,204359.9,0.17
602,2024-02-28,S012,North,Toys,LEGO Set,99.0,234.9,22557.45,0.03
603,2023-07-24,S005,South,Toys,LEGO Set,142.0,665.56,60486.09,0.36
604,2024-04-23,S015,South,Home & Garden,Rug,37.0,1267.58,35644.35,0.24
605,2023-12-18,S017,Central,Beauty,Shampoo,51.0,1388.6,49573.02,0.3
606,2023-05-19,S004,South,Home & Garden,Lamp,137.0,961.83,127817.59,0.03
607,2023-11-22,S006,South,Clothing,Dress,145.0,1105.4,118609.42,0.26
608,2023-11-20,S010,Central,Sports,Running Shoes,25.0,803.96,17285.14,0.14
609,2023-07-06,S001,North,Clothing,T-Shirt,175.0,1384.63,147809.25,0.39
610,2023-11-02,S013,North,Clothing,Jacket,37.0,622.17,20027.65,0.13
611,2024-10-22,S020,Central,Electronics,Laptop,177.0,1376.6,177870.49,0.27
612,2023-06-18,S005,South,Electronics,Tablet,96.0,1149.69,97125.81,0.12
613,2023-02-25,S011,West,Books,Comic,158.0,28.05,3634.16,0.18
614,2023-11-08,S003,East,Clothing,Jacket,182.0,460.65,67070.64,0.2
615,2023-09-03,S018,Central,Books,Self-Help,92.0,1435.57,130751.72,0.01
616,2024-06-13,S005,South,Electronics,Tablet,37.0,1210.64,37626.69,0.16
617,2023-10-21,S014,North,Sports,Dumbbell,51.0,1484.36,74188.31,0.02
618,2024-08-04,S016,South,Books,Fiction Novel,149.0,724.89,77766.2,0.28
619,2023-05-03,S011,West,Beauty,Shampoo,68.0,1443.45,68708.22,0.3
620,2024-11-15,S016,South,Clothing,Sneakers,87.0,1477.87,111859.98,0.13
621,2023-04-18,S009,North,Toys,Doll,19.0,749.28,14236.32,0.0
622,2023-01-27,S002,North,Electronics,Laptop,170.0,395.62,60529.86,0.1
623,2023-05-05,S004,South,Home & Garden,Cushion,49.0,702.11,29586.92,0.14
624,2023-06-11,S010,Central,Toys,LEGO Set,103.0,568.86,57420.73,0.02
625,2023-06-02,S004,South,Beauty,Perfume,151.0,1265.81,129973.37,0.32
626,2023-01-13,S004,South,Beauty,Lipstick,110.0,460.52,36979.76,0.27
627,2024-08-07,S015,South,Home & Garden,Cushion,75.0,1271.87,72496.59,0.24
628,2024-09-30,S002,North,Clothing,Dress,156.0,264.95,40092.23,0.03
629,2023-04-23,S010,Central,Electronics,Smartphone,119.0,806.8,72966.99,0.24
630,2024-06-13,S004,South,Beauty,Face Cream,89.0,1030.67,88060.44,0.04
631,2024-08-09,S018,Central,Toys,Puzzle,51.0,1095.0,35182.35,0.37
632,2024-10-11,S015,South,Sports,Running Shoes,14.0,511.1,5509.66,0.23
633,2023-11-29,S005,South,Electronics,Laptop,51.0,302.41,15422.91,0.0
634,2023-01-17,S008,Central,Beauty,Lipstick,4.0,190.47,487.6,0.36
635,2023-08-29,S008,Central,Toys,Puzzle,54.0,428.77,17365.18,0.25
636,2023-07-31,S019,North,Toys,Doll,114.0,1393.32,115952.09,0.27
637,2023-06-25,S018,Central,Sports,Bottle,53.0,572.92,23077.22,0.24
638,2023-07-17,S010,Central,Clothing,T-Shirt,76.0,1086.97,79305.33,0.04
639,2023-06-25,S018,Central,Home & Garden,Lamp,83.0,907.87,58775.5,0.22
640,2024-08-24,S009,North,Toys,LEGO Set,176.0,1091.24,120996.69,0.37
641,2024-09-29,S010,Central,Electronics,Smartphone,174.0,709.07,104871.45,0.15
642,2023-09-18,S019,North,Clothing,Dress,150.0,594.82,55318.26,0.38
643,2023-11-09,S009,North,Electronics,Headphones,187.0,483.16,62342.13,0.31
644,2024-01-29,S019,North,Home & Garden,Cushion,167.0,136.24,19794.31,0.13
645,2023-05-30,S010,Central,Groceries,Cooking Oil,166.0,1080.05,148809.29,0.17
646,2023-05-16,S017,Central,Groceries,Sugar,141.0,1465.67,171527.36,0.17
647,2024-10-05,S008,Central,Clothing,T-Shirt,32.0,1008.3,23231.23,0.28
648,2024-07-28,S017,Central,Home & Garden,Curtains,189.0,938.32,111725.76,0.37
649,2024-11-11,S018,Central,Books,Comic,41.0,1093.84,40811.17,0.09
650,2023-02-17,S014,North,Toys,Doll,109.0,406.67,42997.22,0.03
651,2023-01-21,S009,North,Sports,Dumbbell,24.0,628.9,9659.9,0.36
652,2023-06-04,S010,Central,Sports,Running Shoes,48.0,1298.37,52350.28,0.16
653,2023-02-14,S012,North,Groceries,Flour,45.0,288.37,8305.06,0.36
654,2024-04-06,S016,South,Home & Garden,Cushion,142.0,1412.01,166419.5,0.17
655,2023-01-20,S007,North,Sports,Yoga Mat,153.0,402.12,38145.1,0.38
656,2024-12-07,S004,South,Sports,Bottle,80.0,1120.87,88772.9,0.01
657,2023-02-12,S016,South,Books,Comic,98.0,967.26,83416.5,0.12
658,2023-12-07,S002,North,Clothing,Jeans,179.0,1350.02,188489.79,0.22
659,2024-03-18,S018,Central,Toys,Board Game,25.0,744.89,14525.36,0.22
660,2023-04-14,S014,North,Groceries,Coffee,98.0,175.24,14940.96,0.13
661,2024-04-24,S017,Central,Sports,Bottle,3.0,1022.02,2912.76,0.05
662,2024-03-13,S018,Central,Electronics,Laptop,20.0,1417.85,20417.04,0.28
663,2024-09-05,S016,South,Clothing,Sneakers,146.0,261.33,23655.59,0.38
664,2024-04-13,S005,South,Home & Garden,Curtains,4.0,1142.66,2970.92,0.35
665,2024-01-05,S001,North,Electronics,Laptop,176.0,1323.01,193265.3,0.17
666,2023-07-11,S008,Central,Electronics,Laptop,146.0,1070.98,151672.19,0.03
667,2024-05-04,S018,Central,Electronics,Tablet,127.0,206.29,23316.96,0.11
668,2023-12-13,S019,North,Books,Fiction Novel,53.0,964.16,33726.32,0.34
669,2023-09-15,S010,Central,Home & Garden,Curtains,78.0,1451.67,98510.33,0.13
670,2023-06-04,S015,South,Beauty,Face Cream,166.0,413.08,43885.62,0.36
671,2024-02-10,S007,North,Electronics,Laptop,89.0,1074.29,72664.98,0.24
672,2024-09-18,S020,Central,Beauty,Sunscreen,88.0,1397.73,81180.16,0.34
673,2024-03-13,S017,Central,Beauty,Perfume,125.0,552.33,63517.95,0.08
674,2023-08-21,S001,North,Beauty,Shampoo,79.0,385.47,24361.7,0.2
675,2023-04-21,S020,Central,Clothing,T-Shirt,71.0,557.96,34861.34,0.12
676,2023-06-03,S020,Central,Books,Fiction Novel,72.0,991.95,58564.73,0.18
677,2024-05-29,S011,West,Groceries,Cooking Oil,31.0,362.61,9105.14,0.19
678,2024-03-25,S018,Central,Books,Cookbook,173.0,282.62,48404.33,0.01
679,2024-12-25,S011,West,Sports,Running Shoes,178.0,370.14,58637.58,0.11
680,2024-12-10,S014,North,Groceries,Cooking Oil,107.0,900.58,71307.92,0.26
681,2023-07-30,S007,North,Home & Garden,Lamp,153.0,1049.84,144562.97,0.1
682,2024-06-06,S008,Central,Electronics,Headphones,165.0,200.97,29512.44,0.11
683,2024-10-01,S016,South,Books,Textbook,102.0,450.61,41825.62,0.09
684,2024-02-16,S005,South,Clothing,Jeans,3.0,395.9,831.39,0.3
685,2024-03-08,S008,Central,Books,Self-Help,120.0,746.14,68943.34,0.23
686,2023-12-03,S004,South,Books,Textbook,129.0,1382.74,135563.83,0.24
687,2024-10-23,S017,Central,Books,Cookbook,116.0,1210.33,112318.62,0.2
688,2024-08-04,S011,West,Sports,Bottle,187.0,555.18,72673.06,0.3
689,2023-08-18,S006,South,Beauty,Perfume,175.0,702.35,121682.14,0.01
690,2024-09-02,S004,South,Books,Fiction Novel,45.0,215.24,6876.92,0.29
691,2023-07-19,S012,North,Groceries,Coffee,63.0,954.15,50493.62,0.16
692,2023-08-26,S006,South,Toys,LEGO Set,184.0,267.51,33963.07,0.31
693,2023-12-03,S020,Central,Electronics,Tablet,191.0,72.61,11649.55,0.16
694,2024-05-03,S012,North,Groceries,Sugar,185.0,565.67,103602.46,0.01
695,2023-04-15,S014,North,Sports,Helmet,11.0,602.59,4838.8,0.27
696,2023-08-05,S020,Central,Home & Garden,Cushion,157.0,779.27,112557.76,0.08
697,2023-08-17,S009,North,Sports,Bottle,198.0,419.43,53150.17,0.36
698,2023-03-14,S017,Central,Clothing,Jacket,150.0,568.86,65703.33,0.23
699,2024-11-22,S013,North,Beauty,Shampoo,152.0,695.64,89876.69,0.15
700,2023-10-29,S018,Central,Beauty,Sunscreen,34.0,1331.79,28526.94,0.37
701,2023-08-23,S015,South,Home & Garden,Lamp,17.0,322.95,3513.7,0.36
702,2023-11-15,S020,Central,Electronics,Smartwatch,193.0,593.58,111124.11,0.03
703,2023-01-07,S018,Central,Toys,Action Figure,157.0,397.31,52397.24,0.16
704,2024-09-02,S011,West,Clothing,Jeans,115.0,1431.82,126787.66,0.23
705,2023-01-11,S012,North,Sports,Dumbbell,148.0,1060.72,97331.67,0.38
706,2024-09-14,S020,Central,Beauty,Face Cream,121.0,1476.65,119712.02,0.33
707,2024-12-15,S018,Central,Books,Cookbook,81.0,769.67,42393.42,0.32
708,2023-08-01,S019,North,Sports,Bottle,150.0,552.62,63827.61,0.23
709,2024-12-01,S008,Central,Groceries,Flour,116.0,340.09,32349.36,0.18
710,2024-12-30,S016,South,Toys,LEGO Set,185.0,776.59,87638.18,0.39
711,2023-11-21,S008,Central,Home & Garden,Plant Pot,143.0,1098.83,100564.92,0.36
712,2023-09-24,S020,Central,Sports,Running Shoes,5.0,132.67,543.95,0.18
713,2023-12-14,S018,Central,Books,Self-Help,51.0,905.68,38799.33,0.16
714,2024-09-16,S018,Central,Home & Garden,Cushion,77.0,369.56,17358.23,0.39
715,2024-09-27,S007,North,Home & Garden,Plant Pot,1.0,107.83,76.56,0.29
716,2023-11-18,S012,North,Beauty,Face Cream,101.0,651.2,59851.79,0.09
717,2023-01-10,S004,South,Toys,Puzzle,131.0,792.91,70632.42,0.32
718,2024-09-10,S009,North,Groceries,Rice 5kg,69.0,80.35,4435.32,0.2
719,2023-06-26,S017,Central,Toys,Action Figure,61.0,1356.08,75276.0,0.09
720,2024-05-02,S014,North,Groceries,Sugar,155.0,192.44,19090.05,0.36
721,2024-05-20,S010,Central,Electronics,Smartphone,160.0,1298.67,128828.06,0.38
722,2023-03-29,S018,Central,Clothing,Jeans,154.0,277.59,27786.76,0.35
723,2024-10-06,S014,North,Groceries,Coffee,172.0,1295.93,151571.97,0.32
724,2024-05-07,S006,South,Clothing,Sneakers,44.0,1140.28,36124.07,0.28
725,2023-10-28,S013,North,Home & Garden,Lamp,137.0,674.38,72064.25,0.22
726,2023-02-23,S009,North,Home & Garden,Cushion,170.0,1129.28,120945.89,0.37
727,2024-05-01,S004,South,Books,Cookbook,116.0,960.31,98028.44,0.12
728,2023-02-06,S020,Central,Books,Self-Help,21.0,599.58,12087.53,0.04
729,2024-09-25,S019,North,Electronics,Smartwatch,81.0,429.44,33741.1,0.03
730,2024-12-08,S011,West,Books,Fiction Novel,199.0,551.01,67983.61,0.38
731,2023-06-30,S011,West,Clothing,T-Shirt,104.0,329.8,26753.38,0.22
732,2024-01-08,S007,North,Groceries,Sugar,37.0,951.35,22175.97,0.37
733,2023-10-20,S017,Central,Clothing,Dress,158.0,1259.17,157169.6,0.21
734,2024-09-03,S020,Central,Books,Comic,4.0,441.31,1482.8,0.16
735,2024-05-07,S002,North,Clothing,Sneakers,57.0,23.35,971.59,0.27
736,2023-03-14,S011,West,Books,Cookbook,90.0,283.17,23191.62,0.09
737,2023-06-14,S018,Central,Sports,Dumbbell,45.0,1259.8,40817.52,0.28
738,2024-06-27,S002,North,Clothing,Sneakers,183.0,1056.47,145000.51,0.25
739,2024-12-19,S017,Central,Groceries,Cooking Oil,157.0,1277.76,142431.91,0.29
740,2023-04-18,S008,Central,Home & Garden,Cushion,48.0,1096.4,46311.94,0.12
741,2024-10-22,S019,North,Electronics,Tablet,34.0,1434.0,43392.84,0.11
742,2024-08-17,S003,East,Beauty,Lipstick,38.0,645.2,21820.66,0.11
743,2023-07-02,S016,South,Books,Fiction Novel,196.0,1159.56,163637.11,0.28
744,2023-02-20,S012,North,Clothing,T-Shirt,50.0,1434.38,58092.39,0.19
745,2024-01-11,S011,West,Toys,Doll,195.0,714.67,125424.58,0.1
746,2024-04-10,S015,South,Toys,Puzzle,81.0,1272.72,75255.93,0.27
747,2024-08-08,S013,North,Toys,Puzzle,60.0,232.39,11712.46,0.16
748,2023-01-25,S018,Central,Electronics,Tablet,151.0,556.98,73170.46,0.13
749,2023-01-24,S013,North,Electronics,Tablet,80.0,912.44,64235.78,0.12
750,2024-02-07,S010,Central,Books,Comic,115.0,644.17,61486.03,0.17
751,2023-12-27,S012,North,Groceries,Rice 5kg,113.0,644.13,61868.69,0.15
752,2023-03-01,S017,Central,Clothing,T-Shirt,122.0,542.25,44323.51,0.33
753,2023-05-05,S009,North,Clothing,Dress,118.0,1465.69,171221.91,0.01
754,2023-05-21,S012,North,Beauty,Shampoo,128.0,954.72,113649.87,0.07
755,2023-06-20,S003,East,Electronics,Smartphone,31.0,501.91,14314.47,0.08
756,2024-05-15,S020,Central,Toys,Action Figure,53.0,275.2,11960.19,0.18
757,2024-12-22,S019,North,Books,Cookbook,19.0,1048.43,17330.55,0.13
758,2023-12-15,S013,North,Beauty,Shampoo,68.0,196.45,10954.05,0.18
759,2023-08-01,S020,Central,Toys,Doll,12.0,504.02,4717.63,0.22
760,2024-02-02,S001,North,Home & Garden,Cushion,44.0,289.31,11711.27,0.08
761,2023-01-15,S013,North,Toys,LEGO Set,175.0,1362.57,231296.26,0.03
762,2023-09-18,S011,West,Home & Garden,Cushion,136.0,537.9,56328.89,0.23
763,2023-10-20,S016,South,Beauty,Face Cream,151.0,838.16,99984.11,0.21
764,2024-01-30,S005,South,Home & Garden,Curtains,176.0,429.52,62744.28,0.17
765,2023-12-28,S011,West,Clothing,Dress,38.0,1175.79,37978.02,0.15
766,2023-05-12,S008,Central,Books,Fiction Novel,2.0,1039.28,1683.63,0.19
767,2023-08-06,S005,South,Home & Garden,Curtains,104.0,437.2,44559.42,0.02
768,2024-11-07,S012,North,Toys,LEGO Set,45.0,691.23,26128.49,0.16
769,2024-07-10,S001,North,Toys,Doll,47.0,609.49,23203.28,0.19
770,2024-07-31,S018,Central,Beauty,Perfume,155.0,1000.33,103884.27,0.33
771,2024-07-19,S007,North,Clothing,T-Shirt,28.0,557.29,14355.79,0.08
772,2024-05-09,S008,Central,Clothing,T-Shirt,7.0,184.86,1035.22,0.2
773,2023-08-26,S015,South,Groceries,Sugar,125.0,843.21,68510.81,0.35
774,2024-10-09,S002,North,Home & Garden,Plant Pot,13.0,182.25,1824.32,0.23
775,2023-11-15,S011,West,Books,Fiction Novel,176.0,556.09,58723.1,0.4
776,2024-03-15,S019,North,Home & Garden,Lamp,194.0,422.02,74503.41,0.09
777,2024-05-01,S016,South,Sports,Dumbbell,94.0,180.84,12239.25,0.28
778,2023-04-01,S006,South,Electronics,Smartwatch,104.0,1374.72,115806.41,0.19
779,2023-03-25,S013,North,Sports,Yoga Mat,168.0,734.03,82622.42,0.33
780,2023-11-26,S011,West,Electronics,Headphones,130.0,256.1,30962.49,0.07
781,2023-09-28,S012,North,Groceries,Sugar,186.0,858.79,153345.54,0.04
782,2024-05-18,S016,South,Toys,Action Figure,184.0,636.44,73776.12,0.37
783,2023-02-07,S015,South,Sports,Dumbbell,91.0,1415.45,100468.64,0.22
784,2023-08-28,S020,Central,Sports,Bottle,167.0,17.46,2361.81,0.19
785,2023-07-20,S010,Central,Books,Self-Help,66.0,522.58,21728.88,0.37
786,2023-01-05,S014,North,Home & Garden,Cushion,129.0,1037.93,107114.38,0.2
787,2023-07-31,S007,North,Beauty,Shampoo,110.0,681.97,60763.53,0.19
788,2023-12-24,S017,Central,Groceries,Rice 5kg,122.0,1203.25,136520.74,0.07
789,2024-11-10,S006,South,Sports,Running Shoes,62.0,1476.11,55826.48,0.39
790,2024-05-21,S016,South,Toys,Puzzle,103.0,1013.65,83524.76,0.2
791,2024-10-10,S014,North,Groceries,Coffee,123.0,1190.17,124432.27,0.15
792,2024-01-03,S009,North,Groceries,Coffee,109.0,116.17,11396.28,0.1
793,2024-04-27,S017,Central,Electronics,Tablet,163.0,568.47,68568.85,0.26
794,2023-03-27,S008,Central,Electronics,Smartwatch,124.0,990.29,81045.33,0.34
795,2023-01-24,S017,Central,Home & Garden,Rug,6.0,1423.99,6749.71,0.21
796,2024-01-07,S003,East,Books,Fiction Novel,53.0,335.9,16912.56,0.05
797,2024-12-05,S018,Central,Electronics,Headphones,153.0,745.71,101543.33,0.11
798,2023-09-17,S006,South,Beauty,Lipstick,72.0,1084.7,66383.64,0.15
799,2023-12-12,S007,North,Groceries,Sugar,175.0,536.64,64799.28,0.31
800,2024-01-09,S014,North,Home & Garden,Cushion,34.0,18.84,441.99,0.31
801,2024-05-05,S010,Central,Beauty,Lipstick,50.0,400.35,18416.1,0.08
802,2024-02-16,S009,North,Beauty,Sunscreen,47.0,1321.94,46598.39,0.25
803,2023-03-29,S005,South,Electronics,Headphones,187.0,1089.77,167105.33,0.18
804,2024-06-17,S003,East,Electronics,Laptop,144.0,755.31,82661.13,0.24
805,2024-02-02,S019,North,Groceries,Coffee,173.0,1409.95,243921.35,0.0
806,2023-07-11,S011,West,Electronics,Smartwatch,198.0,411.47,58659.16,0.28
807,2024-11-10,S019,North,Electronics,Smartphone,137.0,22.6,2384.07,0.23
808,2024-02-09,S006,South,Sports,Dumbbell,180.0,1206.46,191103.26,0.12
809,2023-03-13,S006,South,Books,Textbook,90.0,605.74,36526.12,0.33
810,2023-05-10,S007,North,Books,Cookbook,19.0,1129.16,13945.13,0.35
811,2024-08-02,S016,South,Books,Fiction Novel,12.0,153.86,1273.96,0.31
812,2023-07-16,S015,South,Sports,Helmet,115.0,856.38,78786.96,0.2
813,2024-03-10,S013,North,Electronics,Smartwatch,91.0,266.16,19376.45,0.2
814,2023-12-23,S007,North,Books,Fiction Novel,113.0,918.2,101681.47,0.02
815,2024-11-07,S002,North,Sports,Helmet,59.0,858.51,35962.98,0.29
816,2024-10-03,S008,Central,Clothing,Dress,51.0,396.37,13341.81,0.34
817,2023-08-07,S020,Central,Home & Garden,Cushion,3.0,1010.47,2212.93,0.27
818,2024-11-26,S018,Central,Beauty,Face Cream,192.0,1339.15,221120.45,0.14
819,2023-07-03,S020,Central,Books,Fiction Novel,166.0,79.04,8922.04,0.32
820,2023-10-29,S013,North,Electronics,Headphones,31.0,1147.58,34863.48,0.02
821,2024-12-24,S009,North,Groceries,Sugar,146.0,1350.71,169595.15,0.14
822,2023-11-12,S008,Central,Groceries,Rice 5kg,52.0,894.28,31156.72,0.33
823,2024-10-08,S017,Central,Electronics,Headphones,43.0,546.35,14330.76,0.39
824,2024-08-05,S001,North,Electronics,Tablet,61.0,747.18,40564.4,0.11
825,2023-10-25,S012,North,Home & Garden,Rug,84.0,1413.7,103313.2,0.13
826,2024-05-09,S009,North,Clothing,Jacket,105.0,1253.95,113231.68,0.14
827,2024-09-09,S001,North,Clothing,Dress,42.0,649.25,21542.12,0.21
828,2024-07-10,S010,Central,Beauty,Lipstick,90.0,165.18,12487.61,0.16
829,2024-07-16,S016,South,Groceries,Rice 5kg,93.0,10.7,955.3,0.04
830,2023-03-23,S002,North,Sports,Yoga Mat,142.0,349.54,44671.21,0.1
831,2024-03-23,S008,Central,Sports,Yoga Mat,100.0,1287.37,108139.08,0.16
832,2023-05-15,S010,Central,Groceries,Cooking Oil,59.0,427.45,15131.73,0.4
833,2023-06-01,S005,South,Books,Textbook,59.0,734.17,36385.47,0.16
834,2024-04-16,S016,South,Toys,Doll,136.0,1253.16,121005.13,0.29
835,2024-07-11,S002,North,Electronics,Laptop,196.0,161.81,27591.84,0.13
836,2023-11-14,S016,South,Home & Garden,Curtains,191.0,985.21,124195.57,0.34
837,2024-01-05,S010,Central,Electronics,Laptop,84.0,743.1,53057.34,0.15
838,2023-05-15,S008,Central,Sports,Helmet,21.0,912.08,12258.36,0.36
839,2023-04-05,S010,Central,Books,Textbook,153.0,1428.49,214187.79,0.02
840,2024-01-15,S012,North,Beauty,Perfume,151.0,1315.89,176842.46,0.11
841,2023-03-29,S012,North,Books,Self-Help,143.0,372.62,52751.81,0.01
842,2023-12-30,S007,North,Clothing,Dress,70.0,1402.55,63816.03,0.35
843,2023-12-17,S018,Central,Sports,Running Shoes,99.0,1000.29,71300.67,0.28
844,2023-09-18,S020,Central,Home & Garden,Plant Pot,31.0,1395.67,36343.25,0.16
845,2024-11-04,S014,North,Home & Garden,Cushion,85.0,1131.81,62532.5,0.35
846,2023-12-17,S006,South,Electronics,Headphones,177.0,706.82,101336.78,0.19
847,2023-10-06,S010,Central,Groceries,Coffee,49.0,875.93,39057.72,0.09
848,2023-04-16,S015,South,Sports,Helmet,123.0,868.21,106789.83,0.0
849,2024-06-18,S007,North,Groceries,Sugar,123.0,1020.52,100419.17,0.2
850,2024-07-25,S020,Central,Sports,Helmet,148.0,664.92,72822.04,0.26
851,2024-09-19,S007,North,Electronics,Smartwatch,91.0,1184.28,92681.75,0.14
852,2024-02-10,S006,South,Groceries,Coffee,170.0,239.91,25286.51,0.38
853,2023-04-20,S004,South,Clothing,Dress,158.0,14.9,1553.77,0.34
854,2023-09-06,S013,North,Clothing,Dress,151.0,718.81,95515.47,0.12
855,2023-01-05,S020,Central,Groceries,Cooking Oil,47.0,1429.12,63810.21,0.05
856,2024-08-04,S009,North,Beauty,Shampoo,102.0,213.38,14147.09,0.35
857,2024-04-04,S008,Central,Electronics,Tablet,192.0,665.68,77964.44,0.39
858,2023-09-14,S013,North,Books,Comic,138.0,1465.55,171909.01,0.15
859,2024-06-01,S012,North,Books,Comic,119.0,169.38,18342.16,0.09
860,2024-03-11,S001,North,Home & Garden,Curtains,153.0,1409.81,144519.62,0.33
861,2023-06-07,S006,South,Groceries,Coffee,167.0,359.1,43178.18,0.28
862,2023-08-17,S006,South,Beauty,Face Cream,114.0,1421.17,111789.23,0.31
863,2023-08-10,S019,North,Electronics,Smartwatch,31.0,1482.71,45044.73,0.02
864,2023-07-04,S015,South,Clothing,T-Shirt,104.0,797.52,69671.35,0.16
865,2024-06-01,S009,North,Toys,LEGO Set,152.0,920.63,106351.18,0.24
866,2024-12-03,S010,Central,Sports,Running Shoes,170.0,74.32,9096.77,0.28
867,2024-09-18,S002,North,Toys,LEGO Set,182.0,1362.3,230582.9,0.07
868,2023-11-22,S007,North,Home & Garden,Curtains,135.0,597.41,52422.73,0.35
869,2023-01-28,S018,Central,Electronics,Smartphone,61.0,1378.01,65565.72,0.22
870,2023-05-31,S013,North,Books,Cookbook,174.0,224.19,28866.7,0.26
871,2024-08-30,S006,South,Beauty,Sunscreen,88.0,239.82,19415.83,0.08
872,2024-02-26,S017,Central,Groceries,Cooking Oil,168.0,1097.85,127262.77,0.31
873,2023-12-03,S009,North,Clothing,T-Shirt,47.0,419.57,14001.05,0.29
874,2023-04-05,S017,Central,Clothing,T-Shirt,149.0,1207.33,134919.13,0.25
875,2023-02-10,S014,North,Groceries,Coffee,98.0,1452.56,118151.23,0.17
876,2024-07-15,S008,Central,Sports,Bottle,137.0,427.18,39210.85,0.33
877,2023-09-26,S005,South,Clothing,Jacket,102.0,1036.12,95115.82,0.1
878,2024-07-08,S017,Central,Electronics,Smartwatch,71.0,972.61,54553.69,0.21
879,2024-09-16,S001,North,Beauty,Lipstick,22.0,1001.12,14095.77,0.36
880,2024-08-16,S009,North,Books,Cookbook,124.0,545.31,58151.86,0.14
881,2024-06-12,S011,West,Electronics,Laptop,50.0,1352.29,42597.14,0.37
882,2024-08-31,S004,South,Books,Cookbook,95.0,1310.26,74684.82,0.4
883,2024-08-01,S014,North,Beauty,Shampoo,138.0,1090.85,124945.96,0.17
884,2023-03-03,S007,North,Books,Self-Help,20.0,641.07,9231.41,0.28
885,2023-07-27,S003,East,Groceries,Flour,59.0,1075.82,38718.76,0.39
886,2024-08-26,S019,North,Beauty,Perfume,198.0,344.93,56002.83,0.18
887,2024-06-25,S014,North,Home & Garden,Plant Pot,56.0,1225.26,52147.07,0.24
888,2024-01-25,S012,North,Books,Cookbook,130.0,1033.91,120967.47,0.1
889,2024-07-28,S012,North,Clothing,Sneakers,46.0,1149.61,33844.52,0.36
890,2024-09-01,S011,West,Groceries,Sugar,104.0,1209.06,93049.26,0.26
891,2024-03-28,S016,South,Beauty,Shampoo,67.0,701.88,28685.84,0.39
892,2023-12-11,S004,South,Books,Cookbook,160.0,510.0,50592.0,0.38
893,2024-08-23,S018,Central,Home & Garden,Curtains,93.0,681.3,44986.24,0.29
894,2023-05-16,S001,North,Beauty,Face Cream,149.0,183.25,18839.93,0.31
895,2023-04-25,S019,North,Toys,Action Figure,198.0,207.0,25001.46,0.39
896,2024-09-23,S010,Central,Home & Garden,Lamp,95.0,944.44,69983.0,0.22
897,2023-06-27,S012,North,Clothing,Sneakers,169.0,642.12,87899.81,0.19
898,2024-02-28,S010,Central,Electronics,Smartphone,84.0,629.44,38597.26,0.27
899,2024-05-12,S019,North,Toys,LEGO Set,10.0,688.63,5371.31,0.22
900,2023-02-17,S010,Central,Toys,Action Figure,59.0,1432.41,73525.61,0.13
901,2024-11-17,S017,Central,Home & Garden,Cushion,195.0,923.7,140494.77,0.22
902,2024-01-05,S017,Central,Beauty,Shampoo,137.0,1326.81,112699.24,0.38
903,2023-08-25,S011,West,Sports,Helmet,160.0,1065.25,158509.2,0.07
904,2023-02-10,S005,South,Groceries,Flour,68.0,236.52,12062.52,0.25
905,2023-08-03,S004,South,Beauty,Sunscreen,92.0,1125.78,90107.43,0.13
906,2023-11-07,S020,Central,Clothing,T-Shirt,170.0,1128.66,132391.82,0.31
907,2024-05-06,S019,North,Groceries,Coffee,157.0,574.03,81110.44,0.1
908,2024-06-16,S019,North,Groceries,Sugar,137.0,718.32,73807.38,0.25
909,2024-10-19,S008,Central,Beauty,Lipstick,31.0,93.75,2906.25,0.0
910,2023-06-04,S016,South,Home & Garden,Rug,177.0,1282.47,197487.56,0.13
911,2023-06-03,S005,South,Beauty,Face Cream,96.0,912.55,70083.84,0.2
912,2023-05-13,S009,North,Clothing,Dress,96.0,611.26,47531.58,0.19
913,2023-04-11,S002,North,Books,Cookbook,168.0,1178.03,128640.88,0.35
914,2023-08-08,S011,West,Clothing,Jacket,176.0,73.48,12156.53,0.06
915,2023-04-16,S020,Central,Toys,Puzzle,119.0,835.63,64635.98,0.35
916,2024-11-10,S015,South,Home & Garden,Rug,2.0,128.8,218.96,0.15
917,2024-05-13,S019,North,Sports,Bottle,25.0,661.11,11899.98,0.28
918,2024-03-14,S015,South,Sports,Bottle,199.0,1196.19,218998.47,0.08
919,2024-11-10,S016,South,Electronics,Headphones,5.0,1330.07,4788.25,0.28
920,2023-06-20,S020,Central,Books,Fiction Novel,198.0,563.92,68110.26,0.39
921,2023-09-08,S003,East,Sports,Bottle,124.0,222.08,19551.92,0.29
922,2023-01-12,S003,East,Beauty,Perfume,198.0,1038.39,156256.93,0.24
923,2024-09-24,S018,Central,Books,Fiction Novel,149.0,486.63,61631.69,0.15
924,2023-03-02,S012,North,Beauty,Face Cream,192.0,338.8,55292.16,0.15
925,2023-02-18,S015,South,Toys,LEGO Set,74.0,128.22,7875.27,0.17
926,2024-07-09,S020,Central,Clothing,Jacket,8.0,195.37,1203.48,0.23
927,2023-02-22,S016,South,Toys,Puzzle,81.0,739.39,40725.6,0.32
928,2024-12-15,S013,North,Home & Garden,Rug,134.0,962.63,83845.07,0.35
929,2023-06-03,S017,Central,Groceries,Coffee,198.0,1391.92,212212.12,0.23
930,2023-03-22,S015,South,Sports,Bottle,7.0,1455.91,7439.7,0.27
931,2023-05-20,S012,North,Beauty,Sunscreen,147.0,1243.23,116963.08,0.36
932,2023-06-09,S008,Central,Home & Garden,Lamp,45.0,823.03,28517.99,0.23
933,2023-06-05,S001,North,Clothing,T-Shirt,51.0,53.41,2587.71,0.05
934,2024-01-11,S003,East,Groceries,Coffee,29.0,188.91,3506.17,0.36
935,2024-07-20,S019,North,Clothing,Jacket,43.0,940.06,25870.45,0.36
936,2024-02-19,S018,Central,Books,Comic,171.0,754.87,118756.15,0.08
937,2024-12-03,S005,South,Groceries,Sugar,139.0,559.58,56780.58,0.27
938,2023-09-04,S010,Central,Books,Textbook,160.0,1445.32,148000.77,0.36
939,2024-11-30,S008,Central,Beauty,Sunscreen,63.0,1376.27,55491.21,0.36
940,2024-04-09,S009,North,Groceries,Cooking Oil,127.0,1188.05,140320.59,0.07
941,2023-04-01,S019,North,Beauty,Shampoo,3.0,171.72,381.22,0.26
942,2024-05-22,S009,North,Groceries,Sugar,119.0,1489.48,166613.23,0.06
943,2023-03-14,S015,South,Toys,Doll,81.0,474.24,29194.21,0.24
944,2023-02-12,S020,Central,Toys,Action Figure,101.0,919.2,64987.44,0.3
945,2024-02-14,S018,Central,Books,Cookbook,47.0,229.3,7112.89,0.34
946,2023-07-29,S012,North,Home & Garden,Lamp,92.0,574.27,49662.87,0.06
947,2024-03-29,S008,Central,Home & Garden,Lamp,157.0,1366.23,150148.68,0.3
948,2024-04-14,S006,South,Books,Cookbook,12.0,262.48,2740.29,0.13
949,2023-10-24,S001,North,Sports,Yoga Mat,46.0,1196.84,52852.45,0.04
950,2023-09-07,S016,South,Toys,Doll,108.0,1205.2,85906.66,0.34
951,2024-09-25,S019,North,Toys,Puzzle,8.0,795.97,4775.82,0.25
952,2023-08-27,S007,North,Sports,Yoga Mat,115.0,1119.79,94006.37,0.27
953,2024-03-26,S007,North,Groceries,Flour,36.0,903.09,26984.33,0.17
954,2023-03-08,S014,North,Groceries,Sugar,159.0,1299.73,192191.08,0.07
955,2023-10-08,S011,West,Toys,Doll,178.0,606.17,88476.57,0.18
956,2024-01-03,S002,North,Home & Garden,Lamp,176.0,1425.89,225860.98,0.1
957,2024-06-19,S009,North,Home & Garden,Lamp,56.0,953.71,37385.43,0.3
958,2024-04-25,S010,Central,Groceries,Sugar,154.0,1184.21,120363.1,0.34
959,2023-11-10,S009,North,Groceries,Coffee,74.0,298.84,19018.18,0.14
960,2023-06-06,S010,Central,Beauty,Lipstick,6.0,952.14,4456.02,0.22
961,2023-09-15,S016,South,Groceries,Rice 5kg,67.0,1489.27,75833.63,0.24
962,2023-11-05,S009,North,Beauty,Lipstick,91.0,36.48,2622.55,0.21
963,2023-11-10,S001,North,Electronics,Smartwatch,170.0,467.76,68386.51,0.14
964,2024-05-14,S018,Central,Beauty,Shampoo,32.0,1457.07,40564.83,0.13
965,2024-10-09,S007,North,Beauty,Shampoo,141.0,185.22,25854.86,0.01
966,2023-11-11,S004,South,Groceries,Coffee,191.0,238.37,30959.5,0.32
967,2023-02-18,S016,South,Beauty,Face Cream,13.0,431.16,4259.86,0.24
968,2023-02-03,S014,North,Beauty,Perfume,19.0,1175.65,13849.16,0.38
969,2023-03-31,S001,North,Toys,Board Game,99.0,1167.12,73948.72,0.36
970,2023-11-17,S018,Central,Electronics,Laptop,191.0,380.75,54542.44,0.25
971,2023-10-20,S001,North,Groceries,Coffee,52.0,1498.01,64654.11,0.17
972,2024-10-20,S020,Central,Sports,Running Shoes,183.0,144.26,21911.65,0.17
973,2024-05-23,S003,East,Beauty,Perfume,191.0,571.46,101508.44,0.07
974,2023-01-24,S006,South,Books,Textbook,166.0,1231.49,157409.05,0.23
975,2024-01-25,S018,Central,Groceries,Sugar,37.0,371.63,10312.73,0.25
976,2023-03-14,S008,Central,Books,Cookbook,49.0,602.01,25663.69,0.13
977,2023-11-04,S017,Central,Toys,Puzzle,107.0,934.36,62985.21,0.37
978,2024-07-25,S016,South,Electronics,Smartwatch,44.0,66.33,2130.52,0.27
979,2024-10-18,S004,South,Books,Cookbook,27.0,48.79,1290.98,0.02
980,2023-10-04,S004,South,Electronics,Laptop,52.0,151.38,4880.49,0.38
981,2023-08-16,S009,North,Toys,Doll,200.0,1092.13,163819.5,0.25
982,2023-03-27,S017,Central,Books,Fiction Novel,162.0,1445.4,147517.52,0.37
983,2023-10-30,S003,East,Sports,Running Shoes,57.0,10.67,407.49,0.33
984,2024-10-04,S004,South,Toys,LEGO Set,72.0,335.78,22000.31,0.09
985,2023-01-05,S003,East,Electronics,Headphones,150.0,1352.48,123751.92,0.39
986,2024-10-28,S014,North,Home & Garden,Lamp,91.0,478.24,32639.88,0.25
987,2024-08-15,S015,South,Toys,Board Game,123.0,362.87,29011.46,0.35
988,2023-03-07,S004,South,Clothing,Dress,153.0,1199.77,167043.98,0.09
989,2023-09-24,S005,South,Sports,Helmet,26.0,224.03,3669.61,0.37
990,2024-06-18,S004,South,Home & Garden,Curtains,60.0,286.97,10847.47,0.37
991,2024-03-29,S005,South,Home & Garden,Rug,97.0,1095.77,73339.89,0.31
992,2023-04-09,S019,North,Sports,Running Shoes,164.0,108.64,14609.91,0.18
993,2023-06-05,S007,North,Books,Cookbook,97.0,1287.44,76177.82,0.39
994,2024-09-21,S008,Central,Books,Textbook,164.0,305.61,39594.83,0.21
995,2023-11-10,S012,North,Beauty,Perfume,20.0,905.65,17207.35,0.05
996,2024-04-02,S017,Central,Sports,Yoga Mat,79.0,161.6,11234.43,0.12
997,2023-02-10,S003,East,Sports,Bottle,47.0,1153.9,37420.98,0.31
998,2023-11-10,S018,Central,Books,Fiction Novel,189.0,369.24,46756.86,0.33
999,2024-02-01,S005,South,Clothing,,,,,
